order_id,date,region,product,customer_id,quantity,unit_price,revenue,cost
ORD-00001,2023-10-09,North,Laptop,CUST-0095,10.0,1100.36,11003.6,7152.34
ORD-00002,2024-03-08,Central,Monitor,CUST-0076,1.0,386.52,386.52,212.59
ORD-00003,2024-10-27,North,USB Hub,CUST-0026,23.0,34.15,785.45,235.63
ORD-00004,2024-03-08,North,Keyboard,CUST-0090,14.0,79.34,1110.76,444.3
ORD-00005,2023-04-10,North,Monitor,CUST-0049,15.0,496.91,7453.65,4099.51
ORD-00006,2024-01-23,West,USB Hub,CUST-0016,3.0,35.55,106.65,31.99
ORD-00007,2024-12-22,East,External SSD,CUST-0025,2.0,103.65,207.3,103.65
ORD-00008,2024-01-25,North,Mouse,CUST-0013,11.0,44.37,488.07,170.82
ORD-00009,2023-10-01,East,Mouse,CUST-0086,2.0,46.47,92.94,32.53
ORD-00010,2023-10-04,South,Standing Desk,CUST-0049,18.0,549.53,9891.54,5440.35
ORD-00011,2023-11-20,North,Mouse,CUST-0005,16.0,41.86,669.76,234.42
ORD-00012,2024-05-26,East,Mouse,CUST-0084,10.0,50.19,501.9,175.66
ORD-00013,2024-07-28,South,Mouse,CUST-0096,18.0,41.8,752.4,263.34
ORD-00014,2023-05-22,West,Webcam,CUST-0029,18.0,94.82,1706.76,853.38
ORD-00015,2024-03-08,South,Keyboard,CUST-0088,20.0,73.87,1477.4,590.96
ORD-00016,2023-01-12,Central,Headphones,CUST-0071,3.0,158.18,474.54,213.54
ORD-00017,2024-03-21,East,Monitor,CUST-0038,4.0,443.75,1775.0,976.25
ORD-00018,2023-07-02,East,USB Hub,CUST-0098,13.0,39.33,511.29,153.39
ORD-00019,2023-06-06,Central,External SSD,CUST-0026,10.0,129.45,1294.5,647.25
ORD-00020,2023-11-28,Central,Laptop,CUST-0077,14.0,1027.01,14378.14,9345.79
ORD-00021,2023-09-04,East,Mouse,CUST-0008,15.0,51.03,765.45,267.91
ORD-00022,2023-05-09,North,USB Hub,CUST-0099,6.0,36.68,220.08,66.02
ORD-00023,2023-08-05,Central,External SSD,CUST-0055,16.0,129.19,2067.04,1033.52
ORD-00024,2024-06-13,West,Webcam,CUST-0057,16.0,84.2,1347.2,673.6
ORD-00025,2024-08-25,Central,USB Hub,CUST-0030,7.0,29.83,208.81,62.64
ORD-00026,2023-03-14,North,Laptop,CUST-0043,22.0,1105.68,24324.96,15811.22
ORD-00027,2024-04-29,South,External SSD,CUST-0074,8.0,130.25,1042.0,521.0
ORD-00028,2024-03-09,North,Desk Chair,CUST-0046,18.0,346.54,6237.72,3118.86
ORD-00029,2023-12-14,North,Laptop,CUST-0052,5.0,1109.52,5547.6,3605.94
ORD-00030,2024-04-18,West,Keyboard,CUST-0036,8.0,94.55,756.4,302.56
ORD-00031,2024-10-29,Central,Monitor,CUST-0007,16.0,495.36,7925.76,4359.17
ORD-00032,2024-05-12,South,Keyboard,CUST-0053,16.0,77.7,1243.2,497.28
ORD-00033,2023-09-29,West,Laptop,CUST-0050,16.0,1122.69,17963.04,11675.98
ORD-00034,2023-07-14,Central,Standing Desk,CUST-0020,9.0,549.19,4942.71,2718.49
ORD-00035,2023-02-21,North,Webcam,CUST-0008,24.0,94.34,2264.16,1132.08
ORD-00036,2023-07-10,North,USB Hub,CUST-0011,3.0,36.0,108.0,32.4
ORD-00037,2024-08-15,North,External SSD,CUST-0032,26.0,103.43,2689.18,1344.59
ORD-00038,2023-09-25,Central,USB Hub,CUST-0041,6.0,36.78,220.68,66.2
ORD-00039,2023-11-20,South,Headphones,CUST-0059,3.0,127.92,383.76,172.69
ORD-00040,2023-08-07,North,Monitor,CUST-0069,22.0,418.3,9202.6,5061.43
ORD-00041,2023-06-11,South,Webcam,CUST-0037,15.0,104.51,1567.65,783.83
ORD-00042,2024-07-21,Central,Laptop,CUST-0086,9.0,1355.43,12198.87,7929.27
ORD-00043,2024-07-20,East,Monitor,CUST-0014,4.0,419.27,1677.08,922.39
ORD-00044,2024-05-15,South,Headphones,CUST-0065,9.0,168.24,1514.16,681.37
ORD-00045,2023-01-04,West,Headphones,CUST-0006,12.0,162.2,1946.4,875.88
ORD-00046,2024-03-13,West,USB Hub,CUST-0091,19.0,29.85,567.15,170.15
ORD-00047,2024-01-14,South,USB Hub,CUST-0005,19.0,35.55,675.45,202.63
ORD-00048,2023-08-04,East,Laptop,CUST-0046,6.0,1260.1,7560.6,4914.39
ORD-00049,2023-06-08,West,External SSD,CUST-0096,8.0,133.13,1065.04,532.52
ORD-00050,2023-12-07,West,Laptop,CUST-0023,15.0,1308.8,19632.0,12760.8
ORD-00051,2023-04-21,East,Keyboard,CUST-0090,10.0,94.49,944.9,377.96
ORD-00052,2023-08-22,West,Webcam,CUST-0040,8.0,81.42,651.36,325.68
ORD-00053,2024-10-18,North,Headphones,CUST-0045,22.0,145.49,3200.78,1440.35
ORD-00054,2023-07-02,North,Monitor,CUST-0034,24.0,512.44,12298.56,6764.21
ORD-00055,2023-11-18,West,Webcam,CUST-0094,15.0,98.03,1470.45,735.23
ORD-00056,2023-02-15,Central,Mouse,CUST-0033,12.0,38.27,459.24,160.73
ORD-00057,2023-03-13,South,Webcam,CUST-0056,11.0,98.51,1083.61,541.81
ORD-00058,2024-11-13,East,USB Hub,CUST-0040,11.0,33.17,364.87,109.46
ORD-00059,2024-01-24,South,Desk Chair,CUST-0086,6.0,362.13,2172.78,1086.39
ORD-00060,2023-08-04,North,Headphones,CUST-0037,18.0,162.86,2931.48,1319.17
ORD-00061,2023-08-07,West,Standing Desk,CUST-0087,18.0,595.17,10713.06,5892.18
ORD-00062,2024-06-11,South,Monitor,CUST-0037,20.0,427.75,8555.0,4705.25
ORD-00063,2023-05-31,East,Mouse,CUST-0026,1.0,38.87,38.87,13.6
ORD-00064,2024-10-06,North,Standing Desk,CUST-0054,24.0,545.0,13080.0,7194.0
ORD-00065,2024-12-05,South,Keyboard,CUST-0084,1.0,95.01,95.01,38.0
ORD-00066,2024-12-13,West,Mouse,CUST-0023,18.0,44.52,801.36,280.48
ORD-00067,2024-04-20,North,Standing Desk,CUST-0018,22.0,687.82,15132.04,8322.62
ORD-00068,2024-05-31,West,External SSD,CUST-0093,15.0,131.9,1978.5,989.25
ORD-00069,2023-09-11,West,Standing Desk,CUST-0034,9.0,647.85,5830.65,3206.86
ORD-00070,2024-12-31,East,Standing Desk,CUST-0010,8.0,552.21,4417.68,2429.72
ORD-00071,2023-08-25,North,Keyboard,CUST-0020,16.0,89.95,1439.2,575.68
ORD-00072,2024-04-22,West,Webcam,CUST-0070,15.0,82.52,1237.8,618.9
ORD-00073,2024-08-12,Central,Laptop,CUST-0098,11.0,1191.71,13108.81,8520.73
ORD-00074,2024-07-13,West,Desk Chair,CUST-0069,22.0,391.77,8618.94,4309.47
ORD-00075,2023-12-11,West,Laptop,CUST-0050,14.0,1280.71,17929.94,11654.46
ORD-00076,2024-02-08,Central,USB Hub,CUST-0004,17.0,35.68,606.56,181.97
ORD-00077,2023-02-21,South,Standing Desk,CUST-0024,9.0,578.24,5204.16,2862.29
ORD-00078,2024-03-07,West,Headphones,CUST-0097,9.0,165.07,1485.63,668.53
ORD-00079,2024-10-27,North,Webcam,CUST-0029,3.0,103.02,309.06,154.53
ORD-00080,2024-09-28,South,Mouse,CUST-0003,5.0,41.47,207.35,72.57
ORD-00081,2023-09-20,South,Standing Desk,CUST-0090,12.0,540.2,6482.4,3565.32
ORD-00082,2023-04-21,North,Keyboard,CUST-0040,24.0,72.9,1749.6,699.84
ORD-00083,2023-07-23,West,Desk Chair,CUST-0092,3.0,359.67,1079.01,539.5
ORD-00084,2024-08-02,East,External SSD,CUST-0016,1.0,114.5,114.5,57.25
ORD-00085,2024-03-06,Central,Webcam,CUST-0002,14.0,83.76,1172.64,586.32
ORD-00086,2023-06-30,West,Keyboard,CUST-0056,18.0,96.87,1743.66,697.46
ORD-00087,2024-03-22,Central,Standing Desk,CUST-0060,17.0,558.31,9491.27,5220.2
ORD-00088,2023-09-07,North,Headphones,CUST-0058,19.0,153.14,2909.66,1309.35
ORD-00089,2024-05-14,West,Webcam,CUST-0024,7.0,90.86,636.02,318.01
ORD-00090,2023-01-11,Central,Headphones,CUST-0072,15.0,170.16,2552.4,1148.58
ORD-00091,2023-09-04,West,USB Hub,CUST-0098,17.0,36.53,621.01,186.3
ORD-00092,2024-02-19,North,Headphones,CUST-0029,10.0,141.28,1412.8,635.76
ORD-00093,2024-07-17,Central,Webcam,CUST-0055,9.0,90.78,817.02,408.51
ORD-00094,2023-07-17,South,Monitor,CUST-0093,11.0,398.64,4385.04,2411.77
ORD-00095,2024-05-10,South,Mouse,CUST-0028,9.0,48.03,432.27,151.29
ORD-00096,2023-10-31,East,Monitor,CUST-0025,6.0,431.22,2587.32,1423.03
ORD-00097,2023-02-25,South,Headphones,CUST-0006,18.0,140.65,2531.7,1139.27
ORD-00098,2024-08-10,West,Monitor,CUST-0002,11.0,445.87,4904.57,2697.51
ORD-00099,2023-04-27,North,Headphones,CUST-0062,3.0,145.53,436.59,196.47
ORD-00100,2024-07-30,North,Keyboard,CUST-0020,13.0,74.42,967.46,386.98
ORD-00101,2024-09-25,West,External SSD,CUST-0077,8.0,129.92,1039.36,519.68
ORD-00102,2023-11-09,East,External SSD,CUST-0055,15.0,124.36,1865.4,932.7
ORD-00103,2024-11-07,South,Mouse,CUST-0034,3.0,40.37,121.11,42.39
ORD-00104,2024-12-06,North,Desk Chair,CUST-0058,26.0,346.84,9017.84,4508.92
ORD-00105,2024-12-04,East,Standing Desk,CUST-0010,6.0,676.3,4057.8,2231.79
ORD-00106,2024-07-11,South,Desk Chair,CUST-0015,8.0,365.5,2924.0,1462.0
ORD-00107,2023-11-11,North,Laptop,CUST-0022,26.0,1289.62,33530.12,21794.58
ORD-00108,2023-11-08,North,Standing Desk,CUST-0089,16.0,679.68,10874.88,5981.18
ORD-00109,2024-03-18,North,External SSD,CUST-0006,14.0,123.73,1732.22,866.11
ORD-00110,2024-11-19,Central,External SSD,CUST-0003,8.0,122.74,981.92,490.96
ORD-00111,2023-07-05,Central,Standing Desk,CUST-0036,17.0,588.46,10003.82,5502.1
ORD-00112,2023-12-08,West,Webcam,CUST-0053,12.0,99.85,1198.2,599.1
ORD-00113,2024-02-15,West,Headphones,CUST-0085,19.0,129.15,2453.85,1104.23
ORD-00114,2023-01-02,North,Desk Chair,CUST-0066,23.0,346.01,7958.23,3979.11
ORD-00115,2024-03-28,Central,Standing Desk,CUST-0081,1.0,546.64,546.64,300.65
ORD-00116,2023-01-30,West,Standing Desk,CUST-0016,22.0,653.88,14385.36,7911.95
ORD-00117,2023-04-06,North,USB Hub,CUST-0053,10.0,40.17,401.7,120.51
ORD-00118,2023-10-26,North,Keyboard,CUST-0064,22.0,90.24,1985.28,794.11
ORD-00119,2024-07-18,West,Mouse,CUST-0059,5.0,43.43,217.15,76.0
ORD-00120,2024-02-29,South,Monitor,CUST-0036,11.0,508.62,5594.82,3077.15
ORD-00121,2024-08-16,East,Headphones,CUST-0076,12.0,166.44,1997.28,898.78
ORD-00122,2024-07-10,East,USB Hub,CUST-0098,10.0,34.53,345.3,103.59
ORD-00123,2023-08-28,South,External SSD,CUST-0050,14.0,103.57,1449.98,724.99
ORD-00124,2024-10-29,West,Desk Chair,CUST-0085,5.0,349.51,1747.55,873.77
ORD-00125,2024-03-26,Central,Webcam,CUST-0013,3.0,95.74,287.22,143.61
ORD-00126,2024-04-25,West,Keyboard,CUST-0010,9.0,80.88,727.92,291.17
ORD-00127,2023-11-21,East,USB Hub,CUST-0049,12.0,38.91,466.92,140.08
ORD-00128,2023-04-03,East,Mouse,CUST-0096,11.0,51.46,566.06,198.12
ORD-00129,2024-12-11,North,Standing Desk,CUST-0022,13.0,672.62,8744.06,4809.23
ORD-00130,2024-03-17,East,Webcam,CUST-0048,4.0,87.71,350.84,175.42
ORD-00131,2023-03-22,South,Keyboard,CUST-0023,20.0,94.46,1889.2,755.68
ORD-00132,2024-04-17,Central,Keyboard,CUST-0030,8.0,83.97,671.76,268.7
ORD-00133,2024-07-13,West,Headphones,CUST-0087,6.0,130.82,784.92,353.21
ORD-00134,2023-09-14,East,Desk Chair,CUST-0089,12.0,386.26,4635.12,2317.56
ORD-00135,2024-01-26,West,Monitor,CUST-0031,20.0,430.96,8619.2,4740.56
ORD-00136,2023-01-09,North,Desk Chair,CUST-0036,24.0,388.33,9319.92,4659.96
ORD-00137,2023-08-24,Central,Standing Desk,CUST-0037,18.0,654.35,11778.3,6478.07
ORD-00138,2023-04-10,East,Keyboard,CUST-0081,1.0,80.13,80.13,32.05
ORD-00139,2023-12-01,South,Monitor,CUST-0038,14.0,406.21,5686.94,3127.82
ORD-00140,2023-10-07,East,USB Hub,CUST-0065,4.0,32.45,129.8,38.94
ORD-00141,2024-04-24,East,Webcam,CUST-0015,2.0,84.76,169.52,84.76
ORD-00142,2023-04-03,West,USB Hub,CUST-0047,14.0,29.9,418.6,125.58
ORD-00143,2024-10-15,East,External SSD,CUST-0049,9.0,105.9,953.1,476.55
ORD-00144,2023-08-15,Central,Webcam,CUST-0079,2.0,98.86,197.72,98.86
ORD-00145,2023-02-16,West,Monitor,CUST-0018,2.0,423.59,847.18,465.95
ORD-00146,2024-04-09,Central,Keyboard,CUST-0050,10.0,89.35,893.5,357.4
ORD-00147,2023-06-08,West,External SSD,CUST-0096,15.0,125.58,1883.7,941.85
ORD-00148,2024-01-15,East,Laptop,CUST-0089,5.0,1179.62,5898.1,3833.76
ORD-00149,2024-10-22,North,Webcam,CUST-0070,15.0,82.48,1237.2,618.6
ORD-00150,2023-08-06,West,Monitor,CUST-0085,22.0,513.6,11299.2,6214.56
ORD-00151,2023-03-12,South,External SSD,CUST-0027,18.0,109.46,1970.28,985.14
ORD-00152,2023-01-03,East,Keyboard,CUST-0077,7.0,94.14,658.98,263.59
ORD-00153,2024-11-07,East,Keyboard,CUST-0015,1.0,75.61,75.61,30.24
ORD-00154,2023-06-28,Central,Webcam,CUST-0003,8.0,82.24,657.92,328.96
ORD-00155,2024-01-06,North,Standing Desk,CUST-0058,22.0,616.86,13570.92,7464.01
ORD-00156,2024-11-05,Central,Laptop,CUST-0094,15.0,1128.59,16928.85,11003.75
ORD-00157,2024-12-03,West,Desk Chair,CUST-0055,4.0,348.98,1395.92,697.96
ORD-00158,2023-06-01,North,Webcam,CUST-0078,3.0,84.35,253.05,126.52
ORD-00159,2024-06-27,East,Desk Chair,CUST-0077,8.0,345.14,2761.12,1380.56
ORD-00160,2023-08-09,North,USB Hub,CUST-0093,18.0,34.49,620.82,186.25
ORD-00161,2023-04-08,West,Desk Chair,CUST-0054,12.0,342.31,4107.72,2053.86
ORD-00162,2023-04-04,South,Standing Desk,CUST-0009,3.0,526.78,1580.34,869.19
ORD-00163,2024-08-23,South,USB Hub,CUST-0008,18.0,35.65,641.7,192.51
ORD-00164,2024-09-06,West,Laptop,CUST-0037,11.0,1146.59,12612.49,8198.12
ORD-00165,2023-12-25,West,Mouse,CUST-0014,19.0,43.21,820.99,287.35
ORD-00166,2024-09-28,West,USB Hub,CUST-0099,22.0,36.84,810.48,243.14
ORD-00167,2023-10-07,East,Laptop,CUST-0024,8.0,1351.75,10814.0,7029.1
ORD-00168,2024-02-15,South,External SSD,CUST-0085,3.0,107.11,321.33,160.66
ORD-00169,2024-03-05,Central,Mouse,CUST-0049,13.0,42.85,557.05,194.97
ORD-00170,2023-02-23,Central,External SSD,CUST-0011,4.0,107.67,430.68,215.34
ORD-00171,2024-03-10,East,Standing Desk,CUST-0085,12.0,619.27,7431.24,4087.18
ORD-00172,2024-03-16,Central,Monitor,CUST-0045,3.0,420.74,1262.22,694.22
ORD-00173,2024-02-09,East,Laptop,CUST-0029,16.0,1039.72,16635.52,10813.09
ORD-00174,2023-12-02,South,Headphones,CUST-0038,4.0,127.85,511.4,230.13
ORD-00175,2023-08-24,West,USB Hub,CUST-0091,18.0,35.62,641.16,192.35
ORD-00176,2023-01-20,West,Laptop,CUST-0056,16.0,1351.62,21625.92,14056.85
ORD-00177,2024-10-17,Central,Desk Chair,CUST-0091,12.0,327.9,3934.8,1967.4
ORD-00178,2024-12-07,South,External SSD,CUST-0059,12.0,105.17,1262.04,631.02
ORD-00179,2023-03-22,Central,Desk Chair,CUST-0068,11.0,388.91,4278.01,2139.01
ORD-00180,2024-10-10,South,Monitor,CUST-0066,4.0,454.13,1816.52,999.09
ORD-00181,2023-04-16,East,Keyboard,CUST-0031,4.0,78.78,315.12,126.05
ORD-00182,2024-10-05,North,Keyboard,CUST-0099,20.0,84.08,1681.6,672.64
ORD-00183,2024-10-04,Central,External SSD,CUST-0042,9.0,107.43,966.87,483.44
ORD-00184,2023-02-27,East,Headphones,CUST-0076,9.0,150.33,1352.97,608.84
ORD-00185,2023-03-20,North,Webcam,CUST-0037,3.0,98.28,294.84,147.42
ORD-00186,2024-08-08,Central,Laptop,CUST-0058,6.0,1135.75,6814.5,4429.43
ORD-00187,2023-12-18,North,Standing Desk,CUST-0014,3.0,600.82,1802.46,991.35
ORD-00188,2024-06-19,West,Standing Desk,CUST-0068,22.0,538.57,11848.54,6516.7
ORD-00189,2024-09-04,West,Webcam,CUST-0087,2.0,103.24,206.48,103.24
ORD-00190,2024-01-31,North,USB Hub,CUST-0087,13.0,32.4,421.2,126.36
ORD-00191,2023-03-25,Central,Keyboard,CUST-0043,17.0,89.17,1515.89,606.36
ORD-00192,2024-12-26,West,Keyboard,CUST-0077,3.0,80.14,240.42,96.17
ORD-00193,2024-10-23,South,USB Hub,CUST-0012,14.0,35.09,4992.21,147.38
ORD-00194,2023-08-20,East,Standing Desk,CUST-0025,4.0,537.89,2151.56,1183.36
ORD-00195,2024-06-23,Central,USB Hub,CUST-0095,1.0,36.7,36.7,11.01
ORD-00196,2023-06-16,Central,Desk Chair,CUST-0020,5.0,384.79,1923.95,961.98
ORD-00197,2024-02-25,South,Standing Desk,CUST-0006,12.0,631.75,7581.0,4169.55
ORD-00198,2024-06-30,East,Standing Desk,CUST-0030,6.0,565.7,3394.2,1866.81
ORD-00199,2024-08-07,South,Webcam,CUST-0087,15.0,93.91,1408.65,704.32
ORD-00200,2023-07-24,Central,Desk Chair,CUST-0021,18.0,312.03,5616.54,2808.27
ORD-00201,2024-12-29,East,USB Hub,CUST-0014,13.0,38.69,502.97,150.89
ORD-00202,2023-05-31,East,Standing Desk,CUST-0066,11.0,526.51,5791.61,3185.39
ORD-00203,2023-02-24,East,Laptop,CUST-0054,10.0,1200.72,12007.2,7804.68
ORD-00204,2023-11-23,East,Mouse,CUST-0004,3.0,49.58,148.74,52.06
ORD-00205,2024-04-28,South,Laptop,CUST-0037,5.0,1293.18,6465.9,4202.84
ORD-00206,2023-08-09,North,Laptop,CUST-0033,6.0,1217.57,7305.42,4748.52
ORD-00207,2023-11-05,North,Headphones,CUST-0031,5.0,129.65,648.25,291.71
ORD-00208,2024-05-26,West,Monitor,CUST-0015,22.0,454.87,10007.14,5503.93
ORD-00209,2023-01-02,South,Headphones,CUST-0055,20.0,143.38,2867.6,1290.42
ORD-00210,2023-03-11,North,USB Hub,CUST-0047,22.0,35.46,780.12,234.04
ORD-00211,2023-02-14,North,Desk Chair,CUST-0061,16.0,400.51,6408.16,3204.08
ORD-00212,2024-11-03,North,Webcam,CUST-0031,5.0,102.74,513.7,256.85
ORD-00213,2023-12-13,North,Webcam,CUST-0070,7.0,104.42,730.94,365.47
ORD-00214,2023-03-06,West,Keyboard,CUST-0018,16.0,73.19,1171.04,468.42
ORD-00215,2024-06-11,North,Webcam,CUST-0040,16.0,108.94,1743.04,871.52
ORD-00216,2023-02-18,South,Headphones,CUST-0046,11.0,139.79,1537.69,691.96
ORD-00217,2023-12-14,West,Standing Desk,CUST-0050,6.0,599.32,3595.92,1977.76
ORD-00218,2024-03-10,Central,Headphones,CUST-0011,2.0,146.88,293.76,132.19
ORD-00219,2023-03-23,East,Webcam,CUST-0014,8.0,99.59,796.72,398.36
ORD-00220,2024-03-30,West,Keyboard,CUST-0089,13.0,83.65,1087.45,434.98
ORD-00221,2024-10-16,Central,Desk Chair,CUST-0036,1.0,305.38,305.38,152.69
ORD-00222,2024-09-14,South,Laptop,CUST-0019,15.0,1032.53,15487.95,10067.17
ORD-00223,2024-08-03,East,Webcam,CUST-0050,1.0,98.0,98.0,49.0
ORD-00224,2023-03-20,East,Standing Desk,CUST-0098,15.0,534.79,8021.85,4412.02
ORD-00225,2023-01-27,East,Mouse,CUST-0015,4.0,44.99,179.96,62.99
ORD-00226,2024-04-01,East,Headphones,CUST-0091,5.0,172.34,861.7,387.76
ORD-00227,2023-05-19,West,Mouse,CUST-0016,3.0,44.35,133.05,46.57
ORD-00228,2023-12-22,North,Webcam,CUST-0086,3.0,96.42,289.26,144.63
ORD-00229,2024-06-04,South,Keyboard,CUST-0047,8.0,75.34,602.72,241.09
ORD-00230,2024-07-21,West,Laptop,CUST-0047,20.0,1152.81,23056.2,14986.53
ORD-00231,2023-11-13,Central,Monitor,CUST-0009,11.0,517.45,5691.95,3130.57
ORD-00232,2023-05-09,West,External SSD,CUST-0010,12.0,125.12,1501.44,750.72
ORD-00233,2024-07-18,East,Keyboard,CUST-0100,15.0,76.89,1153.35,461.34
ORD-00234,2023-06-06,North,Monitor,CUST-0067,13.0,404.73,5261.49,2893.82
ORD-00235,2023-03-22,East,USB Hub,CUST-0037,7.0,31.81,222.67,66.8
ORD-00236,2023-04-06,East,External SSD,CUST-0069,13.0,125.08,1626.04,813.02
ORD-00237,2024-09-11,South,External SSD,CUST-0093,11.0,132.33,1455.63,727.82
ORD-00238,2024-10-18,North,Monitor,CUST-0006,24.0,418.23,10037.52,5520.64
ORD-00239,2024-10-04,Central,Laptop,CUST-0064,16.0,1124.28,17988.48,11692.51
ORD-00240,2023-03-16,West,Headphones,CUST-0059,2.0,134.61,269.22,121.15
ORD-00241,2023-11-17,East,External SSD,CUST-0019,8.0,128.43,1027.44,513.72
ORD-00242,2024-07-29,South,Webcam,CUST-0066,4.0,89.84,359.36,179.68
ORD-00243,2023-02-21,South,Keyboard,CUST-0013,10.0,96.36,963.6,385.44
ORD-00244,2023-11-17,South,Webcam,CUST-0074,7.0,102.5,717.5,358.75
ORD-00245,2023-01-24,West,Headphones,CUST-0064,3.0,170.04,510.12,229.55
ORD-00246,2023-02-19,South,External SSD,CUST-0046,2.0,112.13,224.26,112.13
ORD-00247,2023-01-09,West,Headphones,CUST-0069,4.0,146.89,587.56,264.4
ORD-00248,2024-02-15,West,Webcam,CUST-0006,2.0,97.0,194.0,97.0
ORD-00249,2024-04-06,North,Desk Chair,CUST-0065,23.0,326.87,7518.01,3759.01
ORD-00250,2024-02-08,North,Keyboard,CUST-0013,15.0,92.52,1387.8,555.12
ORD-00251,2024-06-05,South,Mouse,CUST-0078,13.0,45.0,585.0,204.75
ORD-00252,2024-04-12,East,Standing Desk,CUST-0067,4.0,619.13,2476.52,1362.09
ORD-00253,2024-02-07,Central,Webcam,CUST-0021,18.0,101.82,1832.76,916.38
ORD-00254,2024-12-26,Central,USB Hub,CUST-0063,17.0,32.9,559.3,167.79
ORD-00255,2023-11-12,North,Desk Chair,CUST-0075,1.0,360.18,360.18,180.09
ORD-00256,2023-02-22,Central,External SSD,CUST-0030,17.0,119.3,2028.1,1014.05
ORD-00257,2023-09-06,West,Keyboard,CUST-0088,2.0,86.85,173.7,69.48
ORD-00258,2023-06-05,West,Webcam,CUST-0054,15.0,100.43,1506.45,753.23
ORD-00259,2023-05-22,West,Laptop,CUST-0091,18.0,1094.64,19703.52,12807.29
ORD-00260,2023-06-27,Central,Desk Chair,CUST-0041,13.0,393.27,5112.51,2556.26
ORD-00261,2023-07-16,East,External SSD,CUST-0062,6.0,112.04,672.24,336.12
ORD-00262,2023-08-01,East,Headphones,CUST-0091,12.0,141.77,1701.24,765.56
ORD-00263,2024-08-10,East,Headphones,CUST-0016,14.0,144.59,2024.26,910.92
ORD-00264,2023-10-22,South,Headphones,CUST-0006,3.0,143.09,429.27,193.17
ORD-00265,2024-07-05,West,Mouse,CUST-0026,9.0,50.85,457.65,160.18
ORD-00266,2023-09-06,Central,External SSD,CUST-0031,1.0,126.11,126.11,63.05
ORD-00267,2023-12-05,North,Monitor,CUST-0053,,396.07,7921.4,4356.77
ORD-00268,2024-10-30,Central,Keyboard,CUST-0053,14.0,84.42,1181.88,472.75
ORD-00269,2023-03-02,East,Headphones,CUST-0083,2.0,156.85,313.7,141.16
ORD-00270,2023-06-30,North,Keyboard,CUST-0054,2.0,97.68,195.36,78.14
ORD-00271,2023-11-02,East,Laptop,CUST-0002,15.0,1237.0,18555.0,12060.75
ORD-00272,2024-05-20,West,USB Hub,CUST-0068,5.0,38.69,193.45,58.03
ORD-00273,2024-04-14,North,Webcam,CUST-0021,11.0,101.23,11535.93,556.76
ORD-00274,2024-10-16,South,Keyboard,CUST-0079,13.0,93.34,1213.42,485.37
ORD-00275,2024-05-03,North,Keyboard,CUST-0018,14.0,96.11,14377.12,538.22
ORD-00276,2024-08-19,East,Webcam,CUST-0039,15.0,81.08,1216.2,608.1
ORD-00277,2023-11-11,North,Monitor,CUST-0060,7.0,437.23,3060.61,1683.34
ORD-00278,2023-10-30,East,Monitor,CUST-0082,9.0,465.47,4189.23,2304.08
ORD-00279,2024-09-12,South,Standing Desk,CUST-0096,12.0,584.85,7018.2,3860.01
ORD-00280,2023-09-11,Central,Mouse,CUST-0098,18.0,50.04,900.72,315.25
ORD-00281,2023-04-25,East,Monitor,CUST-0073,1.0,494.38,494.38,271.91
ORD-00282,2023-12-02,Central,Keyboard,CUST-0022,15.0,83.52,1252.8,501.12
ORD-00283,2024-04-01,West,Monitor,CUST-0066,2.0,443.71,887.42,488.08
ORD-00284,2024-11-19,North,USB Hub,CUST-0060,13.0,37.34,485.42,145.63
ORD-00285,2023-02-16,South,External SSD,CUST-0010,14.0,114.4,1601.6,800.8
ORD-00286,2023-10-21,North,Standing Desk,CUST-0005,18.0,542.4,9763.2,5369.76
ORD-00287,2024-04-04,West,Webcam,CUST-0049,14.0,91.46,1280.44,640.22
ORD-00288,2023-12-23,Central,Keyboard,CUST-0084,3.0,76.8,230.4,92.16
ORD-00289,2023-01-24,South,Laptop,CUST-0097,10.0,1186.68,11866.8,7713.42
ORD-00290,2024-04-16,West,Mouse,CUST-0032,13.0,40.34,524.42,183.55
ORD-00291,2024-03-05,North,Laptop,CUST-0085,26.0,1295.78,33690.28,21898.68
ORD-00292,2024-08-31,South,Monitor,CUST-0013,2.0,442.77,885.54,487.05
ORD-00293,2024-03-25,South,Laptop,CUST-0052,8.0,1214.31,9714.48,6314.41
ORD-00294,2023-08-28,South,USB Hub,CUST-0038,19.0,33.1,628.9,188.67
ORD-00295,2023-05-27,East,Mouse,CUST-0039,13.0,41.23,535.99,187.6
ORD-00296,2024-11-26,Central,Keyboard,CUST-0081,12.0,86.42,1037.04,414.82
ORD-00297,2024-12-14,West,USB Hub,CUST-0041,15.0,34.04,510.6,153.18
ORD-00298,2023-08-19,Central,Standing Desk,CUST-0031,9.0,664.36,5979.24,3288.58
ORD-00299,2024-03-02,North,USB Hub,CUST-0053,23.0,35.31,812.13,243.64
ORD-00300,2024-01-15,East,Monitor,CUST-0058,2.0,454.81,909.62,500.29
ORD-00301,2023-02-10,West,External SSD,CUST-0078,3.0,108.77,326.31,163.16
ORD-00302,2023-08-02,Central,Mouse,CUST-0062,9.0,42.34,381.06,133.37
ORD-00303,2024-05-05,South,Monitor,CUST-0096,8.0,476.41,3811.28,2096.2
ORD-00304,2023-10-17,South,USB Hub,CUST-0042,13.0,34.65,450.45,135.13
ORD-00305,2024-04-22,East,USB Hub,CUST-0064,3.0,38.18,114.54,34.36
ORD-00306,2023-11-17,East,Mouse,CUST-0048,11.0,38.87,427.57,149.65
ORD-00307,2024-08-21,North,Headphones,CUST-0071,24.0,159.9,3837.6,1726.92
ORD-00308,2023-09-09,South,Desk Chair,CUST-0073,16.0,355.32,5685.12,2842.56
ORD-00309,2023-06-22,West,Standing Desk,CUST-0059,13.0,540.47,7026.11,3864.36
ORD-00310,2023-02-04,Central,Laptop,CUST-0068,2.0,1360.27,2720.54,1768.35
ORD-00311,2023-08-25,West,Keyboard,CUST-0081,3.0,90.28,3125.53,108.34
ORD-00312,2024-11-06,Central,External SSD,CUST-0062,14.0,102.57,1435.98,717.99
ORD-00313,2023-10-09,North,USB Hub,CUST-0093,23.0,40.01,12599.88,276.07
ORD-00314,2024-06-20,South,Monitor,CUST-0013,5.0,415.03,2075.15,1141.33
ORD-00315,2023-03-22,East,Headphones,CUST-0051,9.0,170.67,1536.03,691.21
ORD-00316,2023-03-24,South,Headphones,CUST-0088,2.0,131.71,263.42,118.54
ORD-00317,2023-06-25,North,Laptop,CUST-0090,3.0,1199.95,3599.85,2339.9
ORD-00318,2023-02-13,Central,Monitor,CUST-0068,7.0,411.04,2877.28,1582.5
ORD-00319,2023-03-18,West,Headphones,CUST-0006,9.0,167.97,1511.73,680.28
ORD-00320,2024-08-24,East,Laptop,CUST-0027,4.0,1290.81,5163.24,3356.11
ORD-00321,2024-07-31,North,Headphones,CUST-0021,10.0,153.0,1530.0,688.5
ORD-00322,2023-05-24,Central,Webcam,CUST-0050,2.0,95.02,190.04,95.02
ORD-00323,2023-12-15,West,Mouse,CUST-0010,22.0,48.63,1069.86,374.45
ORD-00324,2023-10-07,East,Laptop,CUST-0082,12.0,1196.62,14359.44,9333.64
ORD-00325,2024-08-22,West,Keyboard,CUST-0088,14.0,74.44,1042.16,416.86
ORD-00326,2023-06-07,North,Monitor,CUST-0035,16.0,478.58,7657.28,4211.5
ORD-00327,2023-04-04,East,Webcam,CUST-0014,1.0,107.62,107.62,53.81
ORD-00328,2023-07-11,North,Keyboard,CUST-0012,18.0,83.7,1506.6,602.64
ORD-00329,2024-07-21,North,Monitor,CUST-0046,3.0,463.08,1389.24,764.08
ORD-00330,2024-02-02,North,Headphones,CUST-0053,3.0,160.12,480.36,216.16
ORD-00331,2023-06-23,South,External SSD,CUST-0067,13.0,108.1,1405.3,702.65
ORD-00332,2024-03-21,South,Monitor,CUST-0022,9.0,439.35,3954.15,2174.78
ORD-00333,2024-10-02,East,Mouse,CUST-0093,12.0,46.27,555.24,194.33
ORD-00334,2023-12-07,East,Laptop,CUST-0051,16.0,1156.76,18508.16,12030.3
ORD-00335,2023-11-04,West,External SSD,CUST-0018,12.0,123.72,1484.64,742.32
ORD-00336,2023-10-26,South,Desk Chair,CUST-0041,16.0,399.12,6385.92,3192.96
ORD-00337,2023-04-27,East,Desk Chair,CUST-0047,15.0,318.48,4777.2,2388.6
ORD-00338,2024-04-17,Central,Laptop,CUST-0094,6.0,1177.84,7067.04,4593.58
ORD-00339,2024-10-10,West,Standing Desk,CUST-0018,11.0,553.56,6089.16,3349.04
ORD-00340,2024-09-04,West,Monitor,CUST-0058,17.0,461.1,7838.7,4311.29
ORD-00341,2024-01-04,West,USB Hub,CUST-0005,19.0,35.99,683.81,205.14
ORD-00342,2024-10-24,South,Webcam,CUST-0022,20.0,82.01,1640.2,820.1
ORD-00343,2023-04-19,West,Webcam,CUST-0056,1.0,83.56,83.56,41.78
ORD-00344,2024-08-12,Central,External SSD,CUST-0089,7.0,118.05,826.35,413.18
ORD-00345,2023-12-20,Central,USB Hub,CUST-0020,1.0,34.82,34.82,10.45
ORD-00346,2023-05-26,North,Monitor,CUST-0094,15.0,424.61,6369.15,3503.03
ORD-00347,2023-04-10,West,Webcam,CUST-0061,16.0,101.33,1621.28,810.64
ORD-00348,2023-12-18,North,Monitor,CUST-0003,5.0,473.91,2369.55,1303.25
ORD-00349,2024-07-19,South,USB Hub,CUST-0023,6.0,33.23,199.38,59.81
ORD-00350,2024-10-17,West,Keyboard,CUST-0024,15.0,82.34,1235.1,494.04
ORD-00351,2024-02-03,West,External SSD,CUST-0055,1.0,127.37,127.37,63.69
ORD-00352,2024-07-03,North,External SSD,CUST-0014,7.0,115.17,806.19,403.1
ORD-00353,2023-11-17,West,USB Hub,CUST-0082,22.0,33.83,744.26,223.28
ORD-00354,2023-06-26,East,Standing Desk,CUST-0080,8.0,675.36,5402.88,2971.58
ORD-00355,2023-11-09,East,Monitor,CUST-0031,3.0,407.21,1221.63,671.9
ORD-00356,2024-08-11,West,External SSD,CUST-0018,14.0,117.23,1641.22,820.61
ORD-00357,2024-05-16,South,USB Hub,CUST-0022,10.0,31.22,312.2,93.66
ORD-00358,2024-05-11,North,Webcam,CUST-0002,6.0,86.31,517.86,258.93
ORD-00359,2024-05-18,West,Desk Chair,CUST-0088,15.0,372.06,5580.9,2790.45
ORD-00360,2023-08-14,Central,Laptop,CUST-0098,9.0,1031.77,9285.93,6035.85
ORD-00361,2024-05-22,West,External SSD,CUST-0096,19.0,120.39,2287.41,1143.7
ORD-00362,2023-02-12,Central,Webcam,CUST-0070,13.0,96.32,1252.16,626.08
ORD-00363,2024-04-05,South,Headphones,CUST-0005,9.0,143.19,1288.71,579.92
ORD-00364,2024-08-25,North,Mouse,CUST-0027,15.0,49.87,748.05,261.82
ORD-00365,2023-07-31,Central,Keyboard,CUST-0027,1.0,86.79,86.79,34.72
ORD-00366,2023-10-27,South,Webcam,CUST-0091,10.0,97.07,970.7,485.35
ORD-00367,2024-02-26,North,Keyboard,CUST-0097,2.0,97.56,195.12,78.05
ORD-00368,2024-12-29,South,Mouse,CUST-0019,11.0,49.43,543.73,190.31
ORD-00369,2024-10-09,West,Keyboard,CUST-0074,9.0,88.26,794.34,317.74
ORD-00370,2023-10-12,North,Desk Chair,CUST-0066,15.0,345.24,5178.6,2589.3
ORD-00371,2024-11-11,North,Standing Desk,CUST-0082,15.0,663.02,9945.3,5469.91
ORD-00372,2023-10-02,West,Mouse,CUST-0064,12.0,49.43,593.16,207.61
ORD-00373,2024-11-29,Central,Standing Desk,CUST-0044,1.0,518.27,518.27,285.05
ORD-00374,2024-03-27,North,Monitor,CUST-0021,19.0,382.59,7269.21,3998.07
ORD-00375,2023-10-08,South,Headphones,CUST-0021,3.0,156.96,470.88,211.9
ORD-00376,2024-10-02,South,Laptop,CUST-0051,10.0,1281.36,12813.6,8328.84
ORD-00377,2023-08-07,North,Monitor,CUST-0001,20.0,393.02,7860.4,4323.22
ORD-00378,2024-12-13,West,Laptop,CUST-0002,12.0,1314.16,15769.92,10250.45
ORD-00379,2023-08-23,South,Standing Desk,CUST-0010,13.0,526.08,6839.04,3761.47
ORD-00380,2024-01-27,East,Headphones,CUST-0018,4.0,156.37,625.48,281.47
ORD-00381,2024-10-27,Central,Laptop,CUST-0079,5.0,1178.44,5892.2,3829.93
ORD-00382,2024-12-04,South,Desk Chair,CUST-0079,15.0,387.8,5817.0,2908.5
ORD-00383,2024-01-29,North,External SSD,CUST-0094,15.0,136.68,2050.2,1025.1
ORD-00384,2024-07-20,East,Monitor,CUST-0032,16.0,463.5,7416.0,4078.8
ORD-00385,2024-06-14,North,Headphones,CUST-0027,26.0,150.43,3911.18,1760.03
ORD-00386,2024-01-31,North,Mouse,CUST-0064,5.0,41.5,207.5,72.62
ORD-00387,2023-05-16,North,Webcam,CUST-0041,16.0,105.28,1684.48,842.24
ORD-00388,2023-03-16,South,Standing Desk,CUST-0099,1.0,615.73,5855.72,338.65
ORD-00389,2024-10-05,West,USB Hub,CUST-0037,18.0,37.8,680.4,204.12
ORD-00390,2023-06-06,Central,USB Hub,CUST-0079,8.0,30.63,245.04,73.51
ORD-00391,2024-02-05,South,USB Hub,CUST-0042,19.0,36.41,691.79,207.54
ORD-00392,2024-03-23,North,Headphones,CUST-0090,10.0,130.11,1301.1,585.5
ORD-00393,2023-02-26,West,External SSD,CUST-0078,11.0,125.98,1385.78,692.89
ORD-00394,2023-01-12,North,Keyboard,CUST-0090,7.0,84.91,594.37,237.75
ORD-00395,2023-05-10,East,Keyboard,CUST-0048,7.0,90.94,636.58,254.63
ORD-00396,2024-06-20,East,Desk Chair,CUST-0035,2.0,325.11,650.22,325.11
ORD-00397,2024-01-04,West,Standing Desk,CUST-0066,2.0,599.93,1199.86,659.92
ORD-00398,2024-11-21,East,Monitor,CUST-0074,3.0,413.33,1239.99,681.99
ORD-00399,2024-04-28,North,Mouse,CUST-0006,15.0,43.42,651.3,227.95
ORD-00400,2024-11-02,North,USB Hub,CUST-0092,18.0,32.11,577.98,173.39
ORD-00401,2024-08-08,East,Headphones,CUST-0010,9.0,132.87,1195.83,538.12
ORD-00402,2024-02-15,South,USB Hub,CUST-0006,3.0,38.96,116.88,35.06
ORD-00403,2024-07-20,East,Webcam,CUST-0012,12.0,80.98,971.76,485.88
ORD-00404,2024-04-20,East,External SSD,CUST-0032,9.0,123.3,1109.7,554.85
ORD-00405,2023-09-09,South,USB Hub,CUST-0098,5.0,29.82,149.1,44.73
ORD-00406,2023-01-02,East,Laptop,CUST-0043,10.0,1325.64,13256.4,8616.66
ORD-00407,2024-05-18,Central,Mouse,CUST-0054,1.0,51.38,51.38,17.98
ORD-00408,2024-02-27,North,Mouse,CUST-0067,15.0,44.44,666.6,233.31
ORD-00409,2024-02-08,Central,Keyboard,CUST-0082,2.0,87.34,174.68,69.87
ORD-00410,2023-09-25,South,Mouse,CUST-0038,11.0,50.75,558.25,195.39
ORD-00411,2023-10-06,East,Webcam,CUST-0058,6.0,82.88,497.28,248.64
ORD-00412,2023-04-19,Central,Monitor,CUST-0020,5.0,443.19,2215.95,1218.77
ORD-00413,2023-11-12,East,Mouse,CUST-0058,12.0,41.83,501.96,175.69
ORD-00414,2023-08-09,East,External SSD,CUST-0006,8.0,107.34,858.72,429.36
ORD-00415,2024-11-24,West,USB Hub,CUST-0007,11.0,32.48,357.28,107.18
ORD-00416,2024-07-17,West,Standing Desk,CUST-0072,8.0,527.05,4216.4,2319.02
ORD-00417,2023-08-16,North,Laptop,CUST-0008,6.0,1091.33,6547.98,4256.19
ORD-00418,2023-09-23,North,External SSD,CUST-0076,3.0,102.78,308.34,154.17
ORD-00419,2023-12-06,West,Keyboard,CUST-0012,4.0,73.34,293.36,117.34
ORD-00420,2024-02-09,Central,Desk Chair,CUST-0093,14.0,300.6,4208.4,2104.2
ORD-00421,2023-10-14,South,Keyboard,CUST-0036,15.0,94.78,1421.7,568.68
ORD-00422,2024-02-26,South,Headphones,CUST-0064,18.0,149.06,2683.08,1207.39
ORD-00423,2024-06-22,West,Mouse,CUST-0083,8.0,46.77,374.16,130.96
ORD-00424,2024-07-11,West,Webcam,CUST-0062,17.0,90.55,1539.35,769.67
ORD-00425,2023-11-23,East,Keyboard,CUST-0004,16.0,77.84,1245.44,498.18
ORD-00426,2024-01-02,North,Standing Desk,CUST-0068,24.0,689.93,16558.32,9107.08
ORD-00427,2023-02-27,South,Headphones,CUST-0069,8.0,153.41,1227.28,552.28
ORD-00428,2024-08-29,South,Keyboard,CUST-0031,11.0,92.81,1020.91,408.36
ORD-00429,2024-07-31,North,Webcam,CUST-0073,6.0,96.8,580.8,290.4
ORD-00430,2023-06-29,West,USB Hub,CUST-0040,17.0,30.15,512.55,153.76
ORD-00431,2023-01-01,North,USB Hub,CUST-0062,14.0,39.39,551.46,165.44
ORD-00432,2023-01-23,South,Webcam,CUST-0008,5.0,97.47,487.35,243.68
ORD-00433,2024-01-18,Central,Webcam,CUST-0010,11.0,97.45,1071.95,535.98
ORD-00434,2024-05-13,South,Desk Chair,CUST-0082,11.0,315.79,3473.69,1736.85
ORD-00435,2024-11-12,Central,Webcam,CUST-0029,17.0,103.96,1767.32,883.66
ORD-00436,2023-01-02,East,Keyboard,CUST-0023,15.0,82.24,1233.6,493.44
ORD-00437,2023-11-22,North,Keyboard,CUST-0078,26.0,77.88,2024.88,809.95
ORD-00438,2023-03-21,South,Webcam,CUST-0096,8.0,90.63,725.04,362.52
ORD-00439,2023-01-12,North,Webcam,CUST-0058,11.0,86.73,954.03,477.02
ORD-00440,2024-01-31,North,Laptop,CUST-0007,19.0,1283.73,24390.87,15854.07
ORD-00441,2024-07-13,West,Desk Chair,CUST-0045,14.0,308.15,4314.1,2157.05
ORD-00442,2023-03-17,South,Keyboard,CUST-0058,2.0,79.77,159.54,63.82
ORD-00443,2024-01-20,North,Webcam,CUST-0022,7.0,101.61,711.27,355.63
ORD-00444,2024-09-20,North,Webcam,CUST-0077,20.0,100.83,2016.6,1008.3
ORD-00445,2023-02-24,Central,Desk Chair,CUST-0021,3.0,332.26,996.78,498.39
ORD-00446,2024-11-07,Central,USB Hub,CUST-0034,9.0,32.87,295.83,88.75
ORD-00447,2023-02-25,Central,Standing Desk,CUST-0020,10.0,510.69,5106.9,2808.8
ORD-00448,2023-04-10,Central,Standing Desk,CUST-0026,1.0,547.25,547.25,300.99
ORD-00449,2024-02-12,West,Monitor,CUST-0040,17.0,448.53,7625.01,4193.76
ORD-00450,2024-01-15,Central,Desk Chair,CUST-0024,11.0,336.29,3699.19,1849.6
ORD-00451,2023-10-03,West,Headphones,CUST-0029,20.0,130.27,2605.4,1172.43
ORD-00452,2024-02-28,North,Webcam,CUST-0070,24.0,87.23,2093.52,1046.76
ORD-00453,2024-12-04,Central,Desk Chair,CUST-0069,14.0,357.64,5006.96,2503.48
ORD-00454,2024-08-07,West,Laptop,CUST-0065,18.0,1308.16,23546.88,15305.47
ORD-00455,2023-06-21,North,Standing Desk,CUST-0023,9.0,655.52,5899.68,3244.82
ORD-00456,2023-06-01,West,Mouse,CUST-0081,22.0,41.73,918.06,321.32
ORD-00457,2024-07-23,North,Monitor,CUST-0050,16.0,457.03,7312.48,4021.86
ORD-00458,2024-06-19,North,External SSD,CUST-0076,18.0,106.05,1908.9,954.45
ORD-00459,2024-07-30,Central,Monitor,CUST-0014,3.0,488.58,1465.74,806.16
ORD-00460,2024-11-01,West,Headphones,CUST-0050,17.0,153.24,2605.08,1172.29
ORD-00461,2024-09-15,West,Keyboard,CUST-0080,14.0,73.24,1025.36,410.14
ORD-00462,2024-05-01,South,Laptop,CUST-0096,9.0,1342.93,12086.37,7856.14
ORD-00463,2024-05-18,East,Headphones,CUST-0036,3.0,171.26,513.78,231.2
ORD-00464,2024-03-02,West,Webcam,CUST-0035,22.0,99.15,2181.3,1090.65
ORD-00465,2024-06-12,West,Standing Desk,CUST-0098,13.0,657.78,8551.14,4703.13
ORD-00466,2023-05-19,East,USB Hub,CUST-0052,13.0,38.98,506.74,152.02
ORD-00467,2023-02-03,South,Laptop,CUST-0032,15.0,1038.2,15573.0,10122.45
ORD-00468,2024-02-11,East,Standing Desk,CUST-0065,3.0,632.61,1897.83,1043.81
ORD-00469,2024-08-23,West,Keyboard,CUST-0061,19.0,81.17,1542.23,616.89
ORD-00470,2024-01-31,North,Headphones,CUST-0004,2.0,134.83,269.66,121.35
ORD-00471,2023-07-31,South,Mouse,CUST-0087,9.0,47.05,423.45,148.21
ORD-00472,2024-10-24,North,Standing Desk,CUST-0017,7.0,618.21,42265.24,2380.11
ORD-00473,2024-01-21,East,Headphones,CUST-0055,9.0,148.15,1333.35,600.01
ORD-00474,2024-08-21,Central,External SSD,CUST-0051,3.0,102.26,306.78,153.39
ORD-00475,2024-08-31,East,USB Hub,CUST-0083,16.0,32.72,523.52,157.06
ORD-00476,2023-11-29,East,Headphones,CUST-0082,7.0,139.25,974.75,438.64
ORD-00477,2024-06-13,East,Mouse,CUST-0020,6.0,50.4,302.4,105.84
ORD-00478,2023-11-24,Central,Desk Chair,CUST-0085,4.0,373.23,1492.92,746.46
ORD-00479,2024-02-02,East,Desk Chair,CUST-0052,1.0,358.72,358.72,179.36
ORD-00480,2024-07-01,East,Mouse,CUST-0088,12.0,50.49,605.88,212.06
ORD-00481,2023-10-28,South,USB Hub,CUST-0024,4.0,34.69,138.76,41.63
ORD-00482,2023-12-10,Central,Keyboard,CUST-0088,2.0,77.92,155.84,62.34
ORD-00483,2023-09-24,West,Webcam,CUST-0048,20.0,89.13,1782.6,891.3
ORD-00484,2023-03-14,Central,External SSD,CUST-0080,14.0,134.02,1876.28,938.14
ORD-00485,2024-02-28,West,USB Hub,CUST-0039,2.0,38.89,77.78,23.33
ORD-00486,2024-04-13,East,Desk Chair,CUST-0073,4.0,330.72,1322.88,661.44
ORD-00487,2023-07-01,West,Webcam,CUST-0081,12.0,98.83,11758.43,592.98
ORD-00488,2023-06-12,South,External SSD,CUST-0098,16.0,130.27,2084.32,1042.16
ORD-00489,2024-03-15,West,Desk Chair,CUST-0052,17.0,337.75,5741.75,2870.88
ORD-00490,2024-06-27,East,Laptop,CUST-0042,5.0,1026.45,67413.25,3335.96
ORD-00491,2023-04-16,East,Headphones,CUST-0017,10.0,150.15,1501.5,675.68
ORD-00492,2024-04-11,North,Headphones,CUST-0038,22.0,154.34,3395.48,1527.97
ORD-00493,2024-01-03,South,Webcam,CUST-0063,7.0,85.45,598.15,299.07
ORD-00494,2023-05-15,North,Mouse,CUST-0029,9.0,48.16,433.44,151.7
ORD-00495,2024-10-17,East,Laptop,CUST-0049,7.0,1297.65,9083.55,5904.31
ORD-00496,2023-01-21,North,Monitor,CUST-0084,2.0,475.62,951.24,523.18
ORD-00497,2024-12-19,Central,Headphones,CUST-0061,,136.75,547.0,246.15
ORD-00498,2024-06-16,West,Monitor,CUST-0085,9.0,466.58,4199.22,2309.57
ORD-00499,2024-09-24,North,USB Hub,CUST-0093,5.0,32.72,163.6,49.08
ORD-00500,2023-09-27,Central,Mouse,CUST-0100,15.0,51.39,770.85,269.8
ORD-00501,2024-05-23,South,Laptop,CUST-0071,7.0,1267.75,8874.25,5768.26
ORD-00502,2024-08-10,North,Monitor,CUST-0015,20.0,402.63,8052.6,4428.93
ORD-00503,2023-08-25,North,Headphones,CUST-0083,19.0,171.99,3267.81,1470.51
ORD-00504,2023-10-25,North,Keyboard,CUST-0006,15.0,92.69,1390.35,556.14
ORD-00505,2023-05-22,North,Laptop,CUST-0002,7.0,1138.32,7968.24,5179.36
ORD-00506,2023-12-17,East,Monitor,CUST-0048,4.0,397.87,1591.48,875.31
ORD-00507,2024-10-26,West,Standing Desk,CUST-0054,6.0,530.35,3182.1,1750.16
ORD-00508,2024-08-27,South,Monitor,CUST-0054,16.0,490.81,7852.96,4319.13
ORD-00509,2023-01-30,West,Webcam,CUST-0079,5.0,94.52,472.6,236.3
ORD-00510,2023-09-25,West,Laptop,CUST-0009,12.0,1024.45,12293.4,7990.71
ORD-00511,2024-11-16,Central,External SSD,CUST-0029,9.0,120.69,1086.21,543.11
ORD-00512,2023-12-21,West,Mouse,CUST-0062,14.0,40.26,563.64,197.27
ORD-00513,2024-10-20,Central,Laptop,CUST-0002,5.0,1202.0,6010.0,3906.5
ORD-00514,2024-05-18,South,Monitor,CUST-0097,11.0,415.02,4565.22,2510.87
ORD-00515,2024-01-23,South,USB Hub,CUST-0083,13.0,38.33,498.29,149.49
ORD-00516,2024-05-25,Central,Standing Desk,CUST-0012,13.0,566.89,7369.57,4053.26
ORD-00517,2024-02-27,North,Monitor,CUST-0052,2.0,457.71,7905.81,503.48
ORD-00518,2024-07-29,Central,Headphones,CUST-0066,6.0,156.96,941.76,423.79
ORD-00519,2023-12-06,North,Mouse,CUST-0059,23.0,48.61,1118.03,391.31
ORD-00520,2023-04-10,East,Standing Desk,CUST-0015,6.0,510.4,3062.4,1684.32
ORD-00521,2024-01-18,East,USB Hub,CUST-0067,3.0,30.23,90.69,27.21
ORD-00522,2024-09-17,West,Monitor,CUST-0033,7.0,407.82,2854.74,1570.11
ORD-00523,2023-12-13,West,Mouse,CUST-0092,4.0,48.47,193.88,67.86
ORD-00524,2024-04-06,Central,Monitor,CUST-0099,13.0,471.39,6128.07,3370.44
ORD-00525,2023-02-19,West,Laptop,CUST-0068,19.0,1356.71,25777.49,16755.37
ORD-00526,2024-08-15,Central,Keyboard,CUST-0089,5.0,90.88,454.4,181.76
ORD-00527,2024-05-31,Central,External SSD,CUST-0042,11.0,117.07,1287.77,643.88
ORD-00528,2023-12-18,South,Headphones,CUST-0051,10.0,147.88,1478.8,665.46
ORD-00529,2024-07-14,Central,Headphones,CUST-0090,9.0,159.53,1435.77,646.1
ORD-00530,2023-10-25,South,Mouse,CUST-0080,12.0,50.69,608.28,212.9
ORD-00531,2024-12-11,South,USB Hub,CUST-0070,11.0,37.21,409.31,122.79
ORD-00532,2024-12-28,Central,External SSD,CUST-0086,12.0,126.27,1515.24,757.62
ORD-00533,2023-04-20,West,Laptop,CUST-0067,1.0,1157.11,1157.11,752.12
ORD-00534,2024-11-30,East,Keyboard,CUST-0037,7.0,75.98,531.86,212.74
ORD-00535,2024-01-03,South,USB Hub,CUST-0005,15.0,30.83,462.45,138.73
ORD-00536,2023-09-01,South,USB Hub,CUST-0050,17.0,37.99,645.83,193.75
ORD-00537,2024-03-02,North,Desk Chair,CUST-0050,14.0,398.91,5584.74,2792.37
ORD-00538,2024-03-29,South,External SSD,CUST-0100,8.0,134.81,1078.48,539.24
ORD-00539,2024-09-09,Central,USB Hub,CUST-0095,6.0,37.9,227.4,68.22
ORD-00540,2023-06-27,South,Monitor,CUST-0024,17.0,398.61,6776.37,3727.0
ORD-00541,2024-08-21,East,Keyboard,CUST-0021,7.0,72.39,506.73,202.69
ORD-00542,2024-09-03,North,Keyboard,CUST-0042,2.0,91.98,183.96,73.58
ORD-00543,2024-07-17,East,Standing Desk,CUST-0074,9.0,523.12,4708.08,2589.44
ORD-00544,2024-06-01,South,USB Hub,CUST-0009,6.0,34.12,204.72,61.42
ORD-00545,2023-12-06,South,Mouse,CUST-0085,11.0,43.12,474.32,166.01
ORD-00546,2024-10-26,Central,Standing Desk,CUST-0072,1.0,530.65,530.65,291.86
ORD-00547,2023-02-10,Central,External SSD,CUST-0032,9.0,115.73,1041.57,520.78
ORD-00548,2023-10-17,East,USB Hub,CUST-0093,1.0,39.32,39.32,11.8
ORD-00549,2023-02-14,Central,Standing Desk,CUST-0063,9.0,671.69,6045.21,3324.87
ORD-00550,2024-07-04,North,Keyboard,CUST-0099,23.0,72.44,1666.12,666.45
ORD-00551,2023-07-30,South,Desk Chair,CUST-0014,18.0,384.52,6921.36,3460.68
ORD-00552,2024-12-03,West,Monitor,CUST-0096,5.0,385.71,1928.55,1060.7
ORD-00553,2023-09-15,North,Laptop,CUST-0023,23.0,1045.36,24043.28,15628.13
ORD-00554,2024-10-07,West,Desk Chair,CUST-0058,14.0,342.97,61042.92,2400.79
ORD-00555,2024-08-22,Central,Monitor,CUST-0097,1.0,477.12,477.12,262.42
ORD-00556,2023-11-05,North,Headphones,CUST-0088,26.0,131.39,3416.14,1537.26
ORD-00557,2023-06-10,West,Laptop,CUST-0061,19.0,1099.15,20883.85,13574.5
ORD-00558,2023-05-28,Central,Headphones,CUST-0082,9.0,157.98,1421.82,639.82
ORD-00559,2024-07-22,East,Laptop,CUST-0071,4.0,1064.36,51841.08,2767.34
ORD-00560,2023-12-19,North,Headphones,CUST-0027,9.0,146.07,1314.63,591.58
ORD-00561,2024-09-23,South,Keyboard,CUST-0029,9.0,77.21,694.89,277.96
ORD-00562,2024-10-22,North,USB Hub,CUST-0060,23.0,30.52,701.96,210.59
ORD-00563,2023-12-05,South,External SSD,CUST-0063,12.0,106.62,1279.44,639.72
ORD-00564,2023-11-22,Central,Monitor,CUST-0025,14.0,443.34,6206.76,3413.72
ORD-00565,2024-08-03,Central,Keyboard,CUST-0073,10.0,92.85,928.5,371.4
ORD-00566,2024-12-30,East,Mouse,CUST-0029,11.0,41.99,461.89,161.66
ORD-00567,2024-04-01,East,Standing Desk,CUST-0060,9.0,649.46,5845.14,3214.83
ORD-00568,2023-05-24,Central,Monitor,CUST-0036,16.0,409.02,6544.32,3599.38
ORD-00569,2024-10-08,North,Laptop,CUST-0065,1.0,1312.55,1312.55,853.16
ORD-00570,2023-09-24,South,Laptop,CUST-0071,18.0,1341.83,24152.94,15699.41
ORD-00571,2023-08-17,South,Webcam,CUST-0051,19.0,101.65,1931.35,965.68
ORD-00572,2024-01-08,Central,Monitor,CUST-0051,15.0,383.93,5758.95,3167.42
ORD-00573,2024-06-10,Central,Keyboard,CUST-0097,4.0,83.63,334.52,133.81
ORD-00574,2023-02-11,South,Standing Desk,CUST-0046,8.0,647.07,5176.56,2847.11
ORD-00575,2023-07-31,South,Laptop,CUST-0086,17.0,1346.78,22895.26,14881.92
ORD-00576,2024-10-26,West,Laptop,CUST-0006,12.0,1057.16,12685.92,8245.85
ORD-00577,2024-07-11,East,Headphones,CUST-0075,15.0,135.32,2029.8,913.41
ORD-00578,2024-01-21,North,USB Hub,CUST-0033,10.0,35.17,351.7,105.51
ORD-00579,2023-01-07,West,Standing Desk,CUST-0078,18.0,668.77,12037.86,6620.82
ORD-00580,2023-06-03,Central,Headphones,CUST-0028,5.0,134.58,672.9,302.81
ORD-00581,2023-04-27,South,Desk Chair,CUST-0043,16.0,368.4,5894.4,2947.2
ORD-00582,2023-02-14,West,Laptop,CUST-0032,5.0,1226.46,6132.3,3986.0
ORD-00583,2023-02-27,North,External SSD,CUST-0019,7.0,111.3,779.1,389.55
ORD-00584,2023-01-20,Central,External SSD,CUST-0082,9.0,136.1,1224.9,612.45
ORD-00585,2023-08-13,West,Standing Desk,CUST-0022,15.0,618.15,9272.25,5099.74
ORD-00586,2024-06-07,South,External SSD,CUST-0085,9.0,108.04,972.36,486.18
ORD-00587,2023-08-24,Central,External SSD,CUST-0009,11.0,115.88,1274.68,637.34
ORD-00588,2024-09-12,Central,Desk Chair,CUST-0020,3.0,316.13,948.39,474.19
ORD-00589,2023-05-01,Central,USB Hub,CUST-0097,2.0,34.81,69.62,20.89
ORD-00590,2024-03-06,North,Desk Chair,CUST-0067,15.0,389.36,5840.4,2920.2
ORD-00591,2024-08-26,West,Desk Chair,CUST-0045,20.0,307.76,6155.2,3077.6
ORD-00592,2024-09-04,South,Monitor,CUST-0037,18.0,437.67,7878.06,4332.93
ORD-00593,2023-05-01,North,External SSD,CUST-0067,22.0,102.26,2249.72,1124.86
ORD-00594,2023-04-20,East,Desk Chair,CUST-0047,4.0,342.24,1368.96,684.48
ORD-00595,2024-01-10,Central,Desk Chair,CUST-0073,18.0,326.43,5875.74,2937.87
ORD-00596,2024-05-09,West,USB Hub,CUST-0072,6.0,33.64,201.84,60.55
ORD-00597,2024-12-23,East,External SSD,CUST-0045,10.0,128.49,1284.9,642.45
ORD-00598,2023-06-15,South,Standing Desk,CUST-0090,4.0,548.6,2194.4,1206.92
ORD-00599,2024-12-01,Central,External SSD,CUST-0090,,107.79,107.79,53.9
ORD-00600,2024-09-06,North,Keyboard,CUST-0061,18.0,74.5,1341.0,536.4
ORD-00601,2024-01-29,Central,Laptop,CUST-0093,11.0,1241.03,13651.33,8873.36
ORD-00602,2023-06-29,Central,Laptop,CUST-0100,14.0,1178.03,16492.42,10720.07
ORD-00603,2023-02-04,Central,Headphones,CUST-0025,18.0,150.47,2708.46,1218.81
ORD-00604,2024-11-01,North,Webcam,CUST-0031,1.0,108.56,108.56,54.28
ORD-00605,2024-02-09,West,Webcam,CUST-0086,14.0,97.45,1364.3,682.15
ORD-00606,2023-10-19,North,Monitor,CUST-0071,23.0,506.03,11638.69,6401.28
ORD-00607,2023-07-19,East,Mouse,CUST-0078,12.0,50.8,609.6,213.36
ORD-00608,2024-07-26,West,USB Hub,CUST-0014,3.0,35.03,105.09,31.53
ORD-00609,2024-08-11,Central,Headphones,CUST-0069,8.0,158.74,1269.92,571.46
ORD-00610,2024-04-14,South,Webcam,CUST-0100,15.0,106.3,1594.5,797.25
ORD-00611,2024-10-10,East,Monitor,CUST-0049,6.0,473.88,2843.28,1563.8
ORD-00612,2023-01-10,East,USB Hub,CUST-0069,7.0,32.36,226.52,67.96
ORD-00613,2023-07-02,East,Monitor,CUST-0071,12.0,424.87,5098.44,2804.14
ORD-00614,2023-07-24,South,Mouse,CUST-0064,8.0,48.18,385.44,134.9
ORD-00615,2023-12-31,South,Mouse,CUST-0080,5.0,48.77,243.85,85.35
ORD-00616,2024-07-08,West,External SSD,CUST-0001,2.0,132.53,265.06,132.53
ORD-00617,2023-07-07,Central,Headphones,CUST-0063,15.0,140.11,2101.65,945.74
ORD-00618,2024-05-04,North,USB Hub,CUST-0055,23.0,30.09,692.07,207.62
ORD-00619,2024-12-16,South,Standing Desk,CUST-0016,17.0,592.81,10077.77,5542.77
ORD-00620,2023-04-14,South,Desk Chair,CUST-0075,11.0,335.47,3690.17,1845.09
ORD-00621,2024-04-27,East,Mouse,CUST-0035,16.0,42.88,686.08,240.13
ORD-00622,2024-02-15,West,Webcam,CUST-0047,9.0,93.6,842.4,421.2
ORD-00623,2023-10-04,South,Monitor,CUST-0093,8.0,457.47,3659.76,2012.87
ORD-00624,2023-06-30,South,Standing Desk,CUST-0002,14.0,599.93,8399.02,4619.46
ORD-00625,2023-11-20,Central,USB Hub,CUST-0093,14.0,32.9,460.6,138.18
ORD-00626,2023-06-17,West,Monitor,CUST-0089,2.0,411.59,823.18,452.75
ORD-00627,2023-12-09,North,Standing Desk,CUST-0096,11.0,574.97,6324.67,3478.57
ORD-00628,2024-02-26,East,Webcam,CUST-0003,3.0,90.76,272.28,136.14
ORD-00629,2024-10-26,Central,External SSD,CUST-0084,16.0,108.28,1732.48,866.24
ORD-00630,2024-04-02,Central,Standing Desk,CUST-0100,2.0,578.59,1157.18,636.45
ORD-00631,2023-12-12,South,Keyboard,CUST-0082,14.0,88.35,1236.9,494.76
ORD-00632,2023-12-18,North,Monitor,CUST-0021,10.0,424.82,4248.2,2336.51
ORD-00633,2024-03-31,Central,Desk Chair,CUST-0035,10.0,376.03,3760.3,1880.15
ORD-00634,2023-05-09,South,Keyboard,CUST-0003,8.0,89.13,713.04,285.22
ORD-00635,2024-02-11,North,Mouse,CUST-0022,5.0,39.54,197.7,69.19
ORD-00636,2024-02-11,North,Laptop,CUST-0099,22.0,1295.4,28498.8,18524.22
ORD-00637,2024-02-04,South,Monitor,CUST-0084,10.0,413.46,4134.6,2274.03
ORD-00638,2023-06-24,South,Keyboard,CUST-0068,1.0,73.15,73.15,29.26
ORD-00639,2023-10-06,West,Standing Desk,CUST-0070,19.0,590.07,11211.33,6166.23
ORD-00640,2024-04-12,South,External SSD,CUST-0077,19.0,117.66,2235.54,1117.77
ORD-00641,2023-08-21,East,Standing Desk,CUST-0070,2.0,589.53,1179.06,648.48
ORD-00642,2024-06-19,East,Laptop,CUST-0001,,1143.8,4575.2,2973.88
ORD-00643,2023-01-10,West,Standing Desk,CUST-0039,15.0,653.63,9804.45,5392.45
ORD-00644,2024-02-26,Central,Webcam,CUST-0025,16.0,93.21,1491.36,745.68
ORD-00645,2023-09-27,West,Desk Chair,CUST-0029,3.0,341.84,1025.52,512.76
ORD-00646,2024-10-26,Central,Headphones,CUST-0037,16.0,163.9,2622.4,1180.08
ORD-00647,2023-04-24,South,Keyboard,CUST-0038,15.0,88.0,1320.0,528.0
ORD-00648,2023-06-05,South,Webcam,CUST-0003,2.0,108.39,216.78,108.39
ORD-00649,2024-03-24,East,Headphones,CUST-0017,1.0,137.98,137.98,62.09
ORD-00650,2024-05-25,East,Desk Chair,CUST-0040,9.0,346.19,3115.71,1557.86
ORD-00651,2024-02-06,South,Laptop,CUST-0035,3.0,1215.55,3646.65,2370.32
ORD-00652,2023-05-05,East,Desk Chair,CUST-0002,6.0,337.9,2027.4,1013.7
ORD-00653,2023-04-07,North,Mouse,CUST-0059,22.0,47.24,1039.28,363.75
ORD-00654,2024-10-06,East,Webcam,CUST-0021,1.0,101.97,101.97,50.98
ORD-00655,2024-01-05,West,Headphones,CUST-0026,2.0,166.36,332.72,149.72
ORD-00656,2023-06-21,West,Webcam,CUST-0002,9.0,97.41,876.69,438.34
ORD-00657,2024-05-01,North,External SSD,CUST-0089,26.0,107.58,2797.08,1398.54
ORD-00658,2024-09-25,West,Monitor,CUST-0088,12.0,508.16,6097.92,3353.86
ORD-00659,2023-06-07,North,Webcam,CUST-0083,23.0,103.31,2376.13,1188.07
ORD-00660,2023-07-17,Central,Webcam,CUST-0057,1.0,100.39,100.39,50.2
ORD-00661,2024-03-24,North,Standing Desk,CUST-0091,23.0,563.05,12950.15,7122.58
ORD-00662,2023-11-28,South,USB Hub,CUST-0045,15.0,32.64,489.6,146.88
ORD-00663,2024-06-27,Central,Keyboard,CUST-0009,4.0,83.71,334.84,133.94
ORD-00664,2024-10-15,West,Laptop,CUST-0100,18.0,1156.46,20816.28,13530.58
ORD-00665,2023-11-25,East,External SSD,CUST-0031,2.0,125.7,251.4,125.7
ORD-00666,2024-07-18,Central,Standing Desk,CUST-0099,4.0,620.35,2481.4,1364.77
ORD-00667,2024-11-05,North,Monitor,CUST-0067,3.0,388.41,1165.23,640.88
ORD-00668,2024-05-12,North,Mouse,CUST-0014,9.0,39.58,356.22,124.68
ORD-00669,2024-12-19,West,USB Hub,CUST-0080,20.0,32.44,648.8,194.64
ORD-00670,2024-11-02,North,Laptop,CUST-0027,20.0,1354.23,27084.6,17604.99
ORD-00671,2024-03-01,North,Webcam,CUST-0072,15.0,103.39,1550.85,775.42
ORD-00672,2023-03-14,Central,Laptop,CUST-0094,9.0,1048.06,9432.54,6131.15
ORD-00673,2024-01-30,North,Mouse,CUST-0069,9.0,40.86,367.74,128.71
ORD-00674,2024-07-25,South,USB Hub,CUST-0096,14.0,37.58,526.12,157.84
ORD-00675,2023-06-20,West,Desk Chair,CUST-0014,6.0,355.25,2131.5,1065.75
ORD-00676,2023-12-27,Central,External SSD,CUST-0057,9.0,121.8,1096.2,548.1
ORD-00677,2023-11-28,West,Desk Chair,CUST-0093,22.0,322.78,7101.16,3550.58
ORD-00678,2024-04-08,Central,Headphones,CUST-0047,13.0,170.69,18290.17,998.54
ORD-00679,2023-11-06,North,USB Hub,CUST-0018,1.0,32.9,32.9,9.87
ORD-00680,2024-06-07,North,Headphones,CUST-0071,23.0,153.18,3523.14,1585.41
ORD-00681,2023-05-22,West,Webcam,CUST-0020,9.0,91.21,820.89,410.44
ORD-00682,2024-02-14,East,Monitor,CUST-0074,15.0,506.41,7596.15,4177.88
ORD-00683,2024-12-07,West,Keyboard,CUST-0063,20.0,93.15,1863.0,745.2
ORD-00684,2023-03-22,North,External SSD,CUST-0049,2.0,135.19,270.38,135.19
ORD-00685,2023-08-21,West,Desk Chair,CUST-0016,22.0,395.01,8690.22,4345.11
ORD-00686,2023-02-12,North,Headphones,CUST-0068,14.0,151.8,2125.2,956.34
ORD-00687,2024-11-20,South,Keyboard,CUST-0007,13.0,97.01,1261.13,504.45
ORD-00688,2023-10-24,North,Mouse,CUST-0056,16.0,40.25,644.0,225.4
ORD-00689,2023-09-26,North,USB Hub,CUST-0052,3.0,33.93,101.79,30.54
ORD-00690,2023-07-22,South,Standing Desk,CUST-0072,16.0,581.16,9298.56,5114.21
ORD-00691,2023-03-15,Central,Mouse,CUST-0032,8.0,48.74,389.92,136.47
ORD-00692,2024-02-28,North,Monitor,CUST-0086,18.0,431.81,7772.58,4274.92
ORD-00693,2023-12-25,North,Headphones,CUST-0022,26.0,164.47,4276.22,1924.3
ORD-00694,2023-07-24,West,Laptop,CUST-0030,13.0,1076.16,13990.08,9093.55
ORD-00695,2023-06-01,North,Mouse,CUST-0080,13.0,38.44,499.72,174.9
ORD-00696,2023-12-06,West,Standing Desk,CUST-0003,7.0,643.2,4502.4,2476.32
ORD-00697,2024-09-29,East,USB Hub,CUST-0062,4.0,37.05,148.2,44.46
ORD-00698,2023-06-24,Central,Laptop,CUST-0033,1.0,1122.24,1122.24,729.46
ORD-00699,2023-01-09,North,Standing Desk,CUST-0084,3.0,579.96,1739.88,956.93
ORD-00700,2023-10-27,East,Monitor,CUST-0003,10.0,413.71,4137.1,2275.41
ORD-00701,2024-09-03,North,Webcam,CUST-0063,23.0,83.26,1914.98,957.49
ORD-00702,2023-09-11,Central,Laptop,CUST-0006,15.0,1129.77,16946.55,11015.26
ORD-00703,2023-12-27,North,Webcam,CUST-0088,15.0,98.57,1478.55,739.27
ORD-00704,2024-10-02,Central,Headphones,CUST-0008,8.0,167.04,1336.32,601.34
ORD-00705,2023-08-19,North,USB Hub,CUST-0036,6.0,33.34,200.04,60.01
ORD-00706,2024-09-19,West,USB Hub,CUST-0087,8.0,34.13,273.04,81.91
ORD-00707,2024-04-04,East,External SSD,CUST-0043,14.0,106.74,1494.36,747.18
ORD-00708,2024-12-06,South,Keyboard,CUST-0040,17.0,95.44,1622.48,648.99
ORD-00709,2023-11-22,South,External SSD,CUST-0021,3.0,122.06,366.18,183.09
ORD-00710,2023-01-31,East,Keyboard,CUST-0094,8.0,94.69,757.52,303.01
ORD-00711,2023-07-12,West,Headphones,CUST-0020,4.0,133.42,533.68,240.16
ORD-00712,2024-08-03,Central,Headphones,CUST-0078,18.0,137.89,2482.02,1116.91
ORD-00713,2024-05-03,East,Monitor,CUST-0089,4.0,450.31,1801.24,990.68
ORD-00714,2024-05-18,East,Keyboard,CUST-0050,12.0,75.76,909.12,363.65
ORD-00715,2023-08-16,North,Headphones,CUST-0053,9.0,161.6,1454.4,654.48
ORD-00716,2024-12-05,West,External SSD,CUST-0063,12.0,133.2,1598.4,799.2
ORD-00717,2024-01-25,North,External SSD,CUST-0095,14.0,116.19,1626.66,813.33
ORD-00718,2024-12-22,Central,USB Hub,CUST-0083,1.0,35.22,35.22,10.57
ORD-00719,2024-07-04,North,Mouse,CUST-0067,16.0,51.53,824.48,288.57
ORD-00720,2024-03-26,North,Mouse,CUST-0038,16.0,50.19,803.04,281.06
ORD-00721,2024-09-19,South,Desk Chair,CUST-0038,2.0,369.95,739.9,369.95
ORD-00722,2024-05-27,West,Monitor,CUST-0093,4.0,406.77,1627.08,894.89
ORD-00723,2024-02-28,Central,Keyboard,CUST-0051,9.0,83.75,753.75,301.5
ORD-00724,2023-09-14,South,Standing Desk,CUST-0012,11.0,634.51,6979.61,3838.79
ORD-00725,2024-12-24,North,Monitor,CUST-0015,19.0,468.1,8893.9,4891.65
ORD-00726,2024-01-23,Central,External SSD,CUST-0021,16.0,115.7,1851.2,925.6
ORD-00727,2023-05-29,Central,Keyboard,CUST-0021,5.0,91.86,459.3,183.72
ORD-00728,2023-07-05,West,Headphones,CUST-0081,,167.93,671.72,302.27
ORD-00729,2024-05-24,East,Laptop,CUST-0059,12.0,1215.66,206840.96,9482.15
ORD-00730,2024-02-24,Central,Standing Desk,CUST-0059,13.0,524.29,6815.77,3748.67
ORD-00731,2024-10-05,Central,Headphones,CUST-0080,16.0,164.41,2630.56,1183.75
ORD-00732,2023-05-29,North,Webcam,CUST-0005,2.0,99.76,199.52,99.76
ORD-00733,2024-03-02,North,Laptop,CUST-0014,7.0,1078.08,7546.56,4905.26
ORD-00734,2023-07-01,Central,External SSD,CUST-0072,13.0,128.98,1676.74,838.37
ORD-00735,2024-01-24,East,Webcam,CUST-0048,2.0,102.37,204.74,102.37
ORD-00736,2024-12-12,West,Keyboard,CUST-0016,9.0,80.64,725.76,290.3
ORD-00737,2023-04-22,South,External SSD,CUST-0008,19.0,128.27,2437.13,1218.57
ORD-00738,2023-10-22,West,External SSD,CUST-0091,15.0,123.92,1858.8,929.4
ORD-00739,2024-09-21,Central,Webcam,CUST-0017,17.0,94.9,1613.3,806.65
ORD-00740,2024-12-26,South,External SSD,CUST-0030,10.0,137.25,11210.45,686.25
ORD-00741,2024-02-29,North,Mouse,CUST-0079,18.0,38.86,699.48,244.82
ORD-00742,2023-07-26,South,Laptop,CUST-0082,10.0,1111.59,11115.9,7225.34
ORD-00743,2023-01-07,Central,Webcam,CUST-0099,3.0,100.3,300.9,150.45
ORD-00744,2023-07-18,Central,Laptop,CUST-0023,9.0,1320.18,11881.62,7723.05
ORD-00745,2023-05-20,West,Laptop,CUST-0083,17.0,1075.94,18290.98,11889.14
ORD-00746,2023-02-27,East,Standing Desk,CUST-0053,13.0,563.88,7330.44,4031.74
ORD-00747,2024-08-14,Central,Laptop,CUST-0027,9.0,1307.83,11770.47,7650.81
ORD-00748,2023-12-14,South,Headphones,CUST-0004,13.0,155.69,2023.97,910.79
ORD-00749,2023-04-30,West,Keyboard,CUST-0077,11.0,90.23,992.53,397.01
ORD-00750,2023-09-01,West,Monitor,CUST-0064,13.0,443.51,5765.63,3171.1
ORD-00751,2024-01-19,East,Keyboard,CUST-0015,1.0,92.08,92.08,36.83
ORD-00752,2023-06-07,North,Standing Desk,CUST-0065,9.0,571.22,5140.98,2827.54
ORD-00753,2023-04-11,East,Webcam,CUST-0019,13.0,100.04,1300.52,650.26
ORD-00754,2024-06-18,West,Desk Chair,CUST-0092,4.0,297.93,1191.72,595.86
ORD-00755,2024-04-23,Central,Monitor,CUST-0043,1.0,396.42,396.42,218.03
ORD-00756,2023-11-16,North,External SSD,CUST-0098,9.0,113.55,1021.95,510.97
ORD-00757,2023-05-01,East,Standing Desk,CUST-0086,7.0,536.88,3758.16,2066.99
ORD-00758,2023-04-15,Central,USB Hub,CUST-0066,6.0,35.45,212.7,63.81
ORD-00759,2023-06-25,East,External SSD,CUST-0032,2.0,113.21,226.42,113.21
ORD-00760,2024-04-27,North,Keyboard,CUST-0004,2.0,74.95,149.9,59.96
ORD-00761,2024-10-06,South,External SSD,CUST-0076,15.0,124.19,1862.85,931.42
ORD-00762,2024-04-21,Central,Monitor,CUST-0097,17.0,400.29,6804.93,3742.71
ORD-00763,2023-11-14,West,Monitor,CUST-0059,16.0,446.02,7136.32,3924.98
ORD-00764,2024-02-06,Central,Headphones,CUST-0047,5.0,158.98,794.9,357.7
ORD-00765,2023-01-31,East,Standing Desk,CUST-0063,2.0,595.56,1191.12,655.12
ORD-00766,2023-12-23,South,Headphones,CUST-0099,20.0,153.36,3067.2,1380.24
ORD-00767,2024-10-27,North,Webcam,CUST-0072,3.0,103.33,309.99,155.0
ORD-00768,2023-09-07,West,Mouse,CUST-0080,19.0,40.4,767.6,268.66
ORD-00769,2024-03-21,South,External SSD,CUST-0056,19.0,130.34,2476.46,1238.23
ORD-00770,2023-04-28,North,External SSD,CUST-0063,24.0,123.46,2963.04,1481.52
ORD-00771,2024-02-20,West,Keyboard,CUST-0040,3.0,87.51,262.53,105.01
ORD-00772,2024-10-22,West,Webcam,CUST-0064,2.0,83.33,166.66,83.33
ORD-00773,2023-06-02,North,Keyboard,CUST-0085,19.0,85.8,1630.2,652.08
ORD-00774,2023-11-21,South,Mouse,CUST-0088,10.0,45.95,459.5,160.82
ORD-00775,2024-08-19,West,Webcam,CUST-0012,1.0,98.18,98.18,49.09
ORD-00776,2024-07-16,East,Laptop,CUST-0048,1.0,1020.3,1020.3,663.19
ORD-00777,2023-08-29,North,Headphones,CUST-0004,18.0,159.1,2863.8,1288.71
ORD-00778,2024-03-21,West,Desk Chair,CUST-0049,19.0,319.68,6073.92,3036.96
ORD-00779,2024-03-03,Central,Desk Chair,CUST-0047,4.0,327.79,1311.16,655.58
ORD-00780,2023-01-17,North,Monitor,CUST-0083,6.0,479.88,2879.28,1583.6
ORD-00781,2024-10-19,South,Monitor,CUST-0018,14.0,498.62,6980.68,3839.37
ORD-00782,2024-04-10,West,External SSD,CUST-0024,18.0,117.27,2110.86,1055.43
ORD-00783,2024-09-11,South,Keyboard,CUST-0055,1.0,86.99,86.99,34.8
ORD-00784,2024-07-13,Central,Headphones,CUST-0053,17.0,144.01,2448.17,1101.68
ORD-00785,2024-05-08,East,Monitor,CUST-0075,2.0,401.68,803.36,441.85
ORD-00786,2023-03-22,East,Standing Desk,CUST-0067,13.0,670.18,8712.34,4791.79
ORD-00787,2023-11-16,North,USB Hub,CUST-0075,26.0,30.3,787.8,236.34
ORD-00788,2024-04-25,West,Standing Desk,CUST-0066,20.0,642.09,12841.8,7062.99
ORD-00789,2023-02-06,East,Headphones,CUST-0022,16.0,161.22,2579.52,1160.78
ORD-00790,2023-06-23,North,Standing Desk,CUST-0075,24.0,519.29,12462.96,6854.63
ORD-00791,2024-05-11,Central,Laptop,CUST-0037,2.0,1065.66,2131.32,1385.36
ORD-00792,2023-10-15,East,Keyboard,CUST-0079,7.0,94.13,5785.79,263.56
ORD-00793,2024-04-02,Central,Keyboard,CUST-0085,10.0,92.85,928.5,371.4
ORD-00794,2023-02-03,West,Keyboard,CUST-0068,12.0,97.34,1168.08,467.23
ORD-00795,2024-02-27,South,Standing Desk,CUST-0097,13.0,552.83,7186.79,3952.73
ORD-00796,2023-12-20,South,External SSD,CUST-0094,2.0,125.12,250.24,125.12
ORD-00797,2024-05-02,South,Standing Desk,CUST-0052,10.0,595.73,5957.3,3276.52
ORD-00798,2024-12-23,South,Desk Chair,CUST-0088,13.0,347.33,4515.29,2257.64
ORD-00799,2024-01-27,North,Headphones,CUST-0058,14.0,170.78,2390.92,1075.91
ORD-00800,2024-09-17,Central,Webcam,CUST-0056,8.0,90.3,722.4,361.2
ORD-00801,2024-11-22,Central,Desk Chair,CUST-0060,7.0,374.6,2622.2,1311.1
ORD-00802,2024-07-14,East,Keyboard,CUST-0041,1.0,89.41,89.41,35.76
ORD-00803,2024-12-02,North,USB Hub,CUST-0014,19.0,33.44,635.36,190.61
ORD-00804,2023-04-05,North,Laptop,CUST-0080,2.0,1357.86,2715.72,1765.22
ORD-00805,2023-05-03,Central,Monitor,CUST-0091,2.0,498.12,996.24,547.93
ORD-00806,2024-12-13,Central,Keyboard,CUST-0015,5.0,78.71,393.55,157.42
ORD-00807,2024-03-13,West,Headphones,CUST-0099,12.0,139.08,1668.96,751.03
ORD-00808,2023-12-07,North,Desk Chair,CUST-0050,2.0,324.62,649.24,324.62
ORD-00809,2024-09-16,North,Standing Desk,CUST-0026,16.0,542.12,8673.92,4770.66
ORD-00810,2024-10-20,West,Mouse,CUST-0079,4.0,50.57,202.28,70.8
ORD-00811,2023-09-14,North,Monitor,CUST-0074,19.0,385.03,7315.57,4023.56
ORD-00812,2024-02-04,North,Laptop,CUST-0086,11.0,1074.58,11820.38,7683.25
ORD-00813,2024-05-17,North,USB Hub,CUST-0091,20.0,34.33,686.6,205.98
ORD-00814,2023-01-04,North,USB Hub,CUST-0029,16.0,39.77,636.32,190.9
ORD-00815,2023-12-08,Central,USB Hub,CUST-0046,9.0,33.96,305.64,91.69
ORD-00816,2023-12-15,North,Webcam,CUST-0069,3.0,104.72,314.16,157.08
ORD-00817,2023-02-10,South,Keyboard,CUST-0071,13.0,89.1,1158.3,463.32
ORD-00818,2023-03-28,North,Webcam,CUST-0063,19.0,101.71,1932.49,966.24
ORD-00819,2024-02-03,Central,Mouse,CUST-0063,2.0,48.95,97.9,34.27
ORD-00820,2023-12-14,West,Laptop,CUST-0005,2.0,1141.58,2283.16,1484.05
ORD-00821,2024-11-25,South,USB Hub,CUST-0059,18.0,31.31,563.58,169.07
ORD-00822,2024-10-31,North,Keyboard,CUST-0063,1.0,84.27,84.27,33.71
ORD-00823,2024-10-09,South,Laptop,CUST-0023,2.0,1345.68,2691.36,1749.38
ORD-00824,2023-03-07,Central,Keyboard,CUST-0076,3.0,75.16,225.48,90.19
ORD-00825,2023-12-12,North,Mouse,CUST-0055,16.0,42.63,682.08,238.73
ORD-00826,2023-02-16,South,Webcam,CUST-0028,19.0,85.69,1628.11,814.05
ORD-00827,2024-01-14,West,Keyboard,CUST-0090,19.0,76.46,1452.74,581.1
ORD-00828,2024-09-19,South,Monitor,CUST-0081,,487.48,72300.13,3485.48
ORD-00829,2024-10-29,South,Monitor,CUST-0091,19.0,502.23,9542.37,5248.3
ORD-00830,2023-05-27,West,Keyboard,CUST-0027,9.0,85.59,770.31,308.12
ORD-00831,2023-07-04,Central,Laptop,CUST-0077,14.0,1240.34,17364.76,11287.09
ORD-00832,2023-01-05,East,Webcam,CUST-0054,14.0,87.47,1224.58,612.29
ORD-00833,2024-07-06,North,External SSD,CUST-0047,22.0,109.89,2417.58,1208.79
ORD-00834,2023-04-26,East,Laptop,CUST-0025,4.0,1266.69,5066.76,3293.39
ORD-00835,2023-02-14,South,Keyboard,CUST-0086,2.0,88.69,177.38,70.95
ORD-00836,2024-04-09,East,External SSD,CUST-0098,1.0,105.76,105.76,52.88
ORD-00837,2024-06-11,South,Laptop,CUST-0063,4.0,1045.51,4182.04,2718.33
ORD-00838,2023-07-23,Central,Webcam,CUST-0054,9.0,87.31,785.79,392.89
ORD-00839,2024-01-20,South,Desk Chair,CUST-0026,8.0,305.22,2441.76,1220.88
ORD-00840,2024-09-16,West,Keyboard,CUST-0028,16.0,76.79,1228.64,491.46
ORD-00841,2023-07-27,South,Webcam,CUST-0035,11.0,84.38,928.18,464.09
ORD-00842,2024-04-14,South,Monitor,CUST-0060,14.0,405.61,5678.54,3123.2
ORD-00843,2024-09-18,Central,Keyboard,CUST-0082,5.0,86.99,434.95,173.98
ORD-00844,2023-08-10,West,USB Hub,CUST-0063,20.0,34.72,694.4,208.32
ORD-00845,2023-12-02,West,Mouse,CUST-0032,15.0,46.07,691.05,241.87
ORD-00846,2024-03-03,South,External SSD,CUST-0001,2.0,103.44,206.88,103.44
ORD-00847,2024-02-08,North,Desk Chair,CUST-0068,20.0,382.52,7650.4,3825.2
ORD-00848,2024-07-25,West,Mouse,CUST-0011,1.0,47.61,47.61,16.66
ORD-00849,2024-10-25,East,Headphones,CUST-0031,2.0,128.22,256.44,115.4
ORD-00850,2024-08-20,West,External SSD,CUST-0096,1.0,137.15,137.15,68.58
ORD-00851,2024-10-03,West,Keyboard,CUST-0048,16.0,90.2,17882.89,577.28
ORD-00852,2023-10-31,East,USB Hub,CUST-0005,11.0,37.66,414.26,124.28
ORD-00853,2023-03-24,Central,Mouse,CUST-0088,18.0,50.14,902.52,315.88
ORD-00854,2024-01-28,East,Laptop,CUST-0015,9.0,1187.53,10687.77,6947.05
ORD-00855,2024-12-27,Central,Monitor,CUST-0072,6.0,401.18,2407.08,1323.89
ORD-00856,2023-08-03,West,External SSD,CUST-0090,8.0,113.54,908.32,454.16
ORD-00857,2023-03-06,West,Headphones,CUST-0007,13.0,143.04,1859.52,836.78
ORD-00858,2024-06-28,North,Standing Desk,CUST-0091,23.0,671.9,15453.7,8499.53
ORD-00859,2023-03-31,North,Mouse,CUST-0059,3.0,43.52,130.56,45.7
ORD-00860,2023-10-10,North,Monitor,CUST-0022,5.0,476.61,2383.05,1310.68
ORD-00861,2024-03-02,Central,Laptop,CUST-0038,16.0,1355.42,21686.72,14096.37
ORD-00862,2023-03-06,North,Headphones,CUST-0025,1.0,166.73,166.73,75.03
ORD-00863,2023-12-18,East,Desk Chair,CUST-0075,8.0,348.55,2788.4,1394.2
ORD-00864,2023-11-08,Central,Standing Desk,CUST-0059,17.0,533.75,9073.75,4990.56
ORD-00865,2024-01-16,East,Mouse,CUST-0062,8.0,48.64,389.12,136.19
ORD-00866,2023-06-14,West,Keyboard,CUST-0080,19.0,79.52,1510.88,604.35
ORD-00867,2023-04-30,South,Keyboard,CUST-0031,2.0,97.59,195.18,78.07
ORD-00868,2024-07-29,East,Keyboard,CUST-0027,1.0,89.22,89.22,35.69
ORD-00869,2024-06-30,West,USB Hub,CUST-0021,11.0,31.03,341.33,102.4
ORD-00870,2023-06-09,South,Standing Desk,CUST-0041,1.0,684.63,684.63,376.55
ORD-00871,2024-08-10,East,Standing Desk,CUST-0038,4.0,653.92,2615.68,1438.62
ORD-00872,2024-05-05,East,Monitor,CUST-0094,1.0,401.32,401.32,220.73
ORD-00873,2024-04-01,West,External SSD,CUST-0029,13.0,105.33,1369.29,684.64
ORD-00874,2023-10-12,Central,USB Hub,CUST-0029,6.0,29.99,179.94,53.98
ORD-00875,2023-07-19,North,USB Hub,CUST-0051,20.0,33.09,661.8,198.54
ORD-00876,2024-03-13,East,Desk Chair,CUST-0019,9.0,338.04,31684.48,1521.18
ORD-00877,2023-08-09,West,USB Hub,CUST-0012,16.0,37.54,600.64,180.19
ORD-00878,2024-02-29,South,Desk Chair,CUST-0094,5.0,385.23,1926.15,963.08
ORD-00879,2023-12-10,East,Standing Desk,CUST-0068,2.0,677.97,1355.94,745.77
ORD-00880,2023-10-07,North,Desk Chair,CUST-0082,18.0,315.86,5685.48,2842.74
ORD-00881,2024-01-26,South,Mouse,CUST-0024,10.0,45.73,457.3,160.05
ORD-00882,2024-07-26,Central,Headphones,CUST-0064,13.0,137.6,1788.8,804.96
ORD-00883,2024-10-31,East,Standing Desk,CUST-0016,8.0,585.09,4680.72,2574.4
ORD-00884,2023-10-11,South,Laptop,CUST-0016,16.0,1377.96,22047.36,14330.78
ORD-00885,2024-03-22,Central,Standing Desk,CUST-0073,8.0,623.04,4984.32,2741.38
ORD-00886,2024-08-12,North,Webcam,CUST-0066,1.0,104.84,104.84,52.42
ORD-00887,2023-05-19,East,Standing Desk,CUST-0089,9.0,539.4,4854.6,2670.03
ORD-00888,2023-10-26,East,Laptop,CUST-0038,13.0,1250.02,16250.26,10562.67
ORD-00889,2023-06-21,South,Monitor,CUST-0077,18.0,426.05,7668.9,4217.9
ORD-00890,2024-12-15,East,Headphones,CUST-0088,9.0,131.81,1186.29,533.83
ORD-00891,2023-10-16,North,Keyboard,CUST-0067,15.0,92.11,1381.65,552.66
ORD-00892,2023-06-08,South,Monitor,CUST-0028,17.0,412.35,7009.95,3855.47
ORD-00893,2024-12-30,Central,USB Hub,CUST-0069,16.0,37.12,593.92,178.18
ORD-00894,2023-01-18,North,Monitor,CUST-0017,20.0,429.51,8590.2,4724.61
ORD-00895,2023-12-17,West,External SSD,CUST-0067,6.0,127.56,765.36,382.68
ORD-00896,2023-05-26,South,Keyboard,CUST-0089,8.0,80.09,640.72,256.29
ORD-00897,2023-01-20,West,Monitor,CUST-0010,17.0,484.74,8240.58,4532.32
ORD-00898,2024-04-25,Central,External SSD,CUST-0008,3.0,134.71,404.13,202.06
ORD-00899,2024-09-08,North,Monitor,CUST-0016,9.0,461.83,4156.47,2286.06
ORD-00900,2023-10-12,North,Monitor,CUST-0019,24.0,429.46,10307.04,5668.87
ORD-00901,2024-08-06,Central,Mouse,CUST-0065,2.0,39.59,79.18,27.71
ORD-00902,2023-06-25,South,Mouse,CUST-0037,18.0,38.31,689.58,241.35
ORD-00903,2024-12-15,Central,Standing Desk,CUST-0047,17.0,543.32,9236.44,5080.04
ORD-00904,2023-08-08,East,Desk Chair,CUST-0055,13.0,321.39,4178.07,2089.03
ORD-00905,2024-06-16,North,Standing Desk,CUST-0015,6.0,599.25,3595.5,1977.53
ORD-00906,2024-05-20,North,Monitor,CUST-0042,5.0,434.45,2172.25,1194.74
ORD-00907,2024-02-22,West,Mouse,CUST-0071,11.0,51.55,567.05,198.47
ORD-00908,2023-01-14,West,Webcam,CUST-0023,17.0,99.9,1698.3,849.15
ORD-00909,2024-02-09,North,Monitor,CUST-0019,16.0,476.33,7621.28,4191.7
ORD-00910,2023-07-23,South,Monitor,CUST-0047,11.0,409.54,4504.94,2477.72
ORD-00911,2024-05-26,South,Desk Chair,CUST-0093,9.0,377.81,3400.29,1700.14
ORD-00912,2024-11-13,West,Webcam,CUST-0061,22.0,107.83,2372.26,1186.13
ORD-00913,2023-05-06,South,Standing Desk,CUST-0014,9.0,598.08,5382.72,2960.5
ORD-00914,2023-02-24,North,Monitor,CUST-0095,3.0,449.75,1349.25,742.09
ORD-00915,2023-11-07,Central,Webcam,CUST-0020,18.0,98.51,1773.18,886.59
ORD-00916,2023-07-26,Central,Standing Desk,CUST-0060,9.0,629.18,5662.62,3114.44
ORD-00917,2023-01-19,East,USB Hub,CUST-0070,1.0,40.15,40.15,12.04
ORD-00918,2024-03-29,West,Webcam,CUST-0049,16.0,81.78,1308.48,654.24
ORD-00919,2024-03-17,East,Keyboard,CUST-0063,4.0,80.22,320.88,128.35
ORD-00920,2024-07-21,Central,Standing Desk,CUST-0085,16.0,613.0,9808.0,5394.4
ORD-00921,2023-09-27,Central,Laptop,CUST-0051,14.0,1232.78,17258.92,11218.3
ORD-00922,2023-01-29,East,Webcam,CUST-0008,15.0,82.04,1230.6,615.3
ORD-00923,2024-10-02,Central,Laptop,CUST-0098,9.0,1157.01,10413.09,6768.51
ORD-00924,2024-11-08,West,Webcam,CUST-0008,8.0,87.81,702.48,351.24
ORD-00925,2023-12-12,North,Headphones,CUST-0015,7.0,128.39,898.73,404.43
ORD-00926,2024-03-07,West,External SSD,CUST-0066,9.0,102.73,924.57,462.29
ORD-00927,2024-02-04,East,Desk Chair,CUST-0074,8.0,357.62,2860.96,1430.48
ORD-00928,2024-05-29,South,Webcam,CUST-0064,11.0,85.5,940.5,470.25
ORD-00929,2023-03-19,South,Standing Desk,CUST-0082,18.0,548.53,9873.54,5430.45
ORD-00930,2024-10-01,Central,Desk Chair,CUST-0029,2.0,372.86,745.72,372.86
ORD-00931,2024-06-27,East,Monitor,CUST-0073,12.0,440.16,5281.92,2905.06
ORD-00932,2024-03-19,East,USB Hub,CUST-0039,14.0,33.04,462.56,138.77
ORD-00933,2024-07-14,Central,Standing Desk,CUST-0086,5.0,668.56,3342.8,1838.54
ORD-00934,2023-08-07,South,External SSD,CUST-0064,15.0,111.65,1674.75,837.38
ORD-00935,2024-10-03,West,External SSD,CUST-0094,2.0,120.8,241.6,120.8
ORD-00936,2024-02-25,South,Headphones,CUST-0056,11.0,166.21,1828.31,822.74
ORD-00937,2024-10-23,West,Headphones,CUST-0037,6.0,139.04,834.24,375.41
ORD-00938,2023-01-29,North,Keyboard,CUST-0025,10.0,92.57,925.7,370.28
ORD-00939,2023-02-07,West,Desk Chair,CUST-0083,7.0,314.23,2199.61,1099.81
ORD-00940,2024-10-21,East,USB Hub,CUST-0023,1.0,39.87,39.87,11.96
ORD-00941,2023-11-02,North,Webcam,CUST-0078,3.0,106.42,319.26,159.63
ORD-00942,2023-05-24,North,Desk Chair,CUST-0093,10.0,309.25,3092.5,1546.25
ORD-00943,2024-06-21,Central,External SSD,CUST-0100,8.0,119.87,958.96,479.48
ORD-00944,2024-02-04,East,Webcam,CUST-0075,6.0,107.41,644.46,322.23
ORD-00945,2024-02-23,South,Headphones,CUST-0057,9.0,166.33,1496.97,673.64
ORD-00946,2024-03-09,North,Webcam,CUST-0070,20.0,100.21,2004.2,1002.1
ORD-00947,2024-01-12,South,Webcam,CUST-0061,10.0,81.35,813.5,406.75
ORD-00948,2024-07-19,North,Mouse,CUST-0033,16.0,42.43,678.88,237.61
ORD-00949,2024-03-29,North,USB Hub,CUST-0031,16.0,29.83,477.28,143.18
ORD-00950,2023-08-30,East,Headphones,CUST-0012,8.0,136.97,1095.76,493.09
ORD-00951,2023-10-08,East,Desk Chair,CUST-0005,2.0,383.94,767.88,383.94
ORD-00952,2024-03-08,West,Webcam,CUST-0092,4.0,104.25,417.0,208.5
ORD-00953,2024-07-14,East,Desk Chair,CUST-0078,8.0,345.09,2760.72,1380.36
ORD-00954,2023-05-20,South,Standing Desk,CUST-0083,1.0,582.12,582.12,320.17
ORD-00955,2023-09-13,North,Monitor,CUST-0021,22.0,478.83,10534.26,5793.84
ORD-00956,2024-02-25,South,External SSD,CUST-0088,11.0,118.25,1300.75,650.38
ORD-00957,2023-10-16,South,External SSD,CUST-0042,7.0,105.04,735.28,367.64
ORD-00958,2023-01-22,West,External SSD,CUST-0029,1.0,135.23,135.23,67.61
ORD-00959,2023-09-26,North,Standing Desk,CUST-0026,7.0,518.96,3632.72,1998.0
ORD-00960,2023-06-24,South,Monitor,CUST-0048,19.0,398.34,7568.46,4162.65
ORD-00961,2023-08-18,West,Standing Desk,CUST-0016,7.0,544.3,3810.1,2095.56
ORD-00962,2023-05-14,East,Standing Desk,CUST-0049,11.0,664.14,7305.54,4018.05
ORD-00963,2023-07-04,East,Mouse,CUST-0054,11.0,48.95,538.45,188.46
ORD-00964,2023-09-12,South,External SSD,CUST-0058,12.0,122.98,1475.76,737.88
ORD-00965,2024-12-10,West,Keyboard,CUST-0042,14.0,89.76,1256.64,502.66
ORD-00966,2023-04-08,Central,Headphones,CUST-0010,16.0,130.14,2082.24,937.01
ORD-00967,2024-09-04,East,External SSD,CUST-0086,1.0,102.19,102.19,51.09
ORD-00968,2024-07-26,West,Webcam,CUST-0017,2.0,97.29,194.58,97.29
ORD-00969,2023-04-02,East,Standing Desk,CUST-0017,8.0,637.85,5102.8,2806.54
ORD-00970,2024-05-26,East,Laptop,CUST-0017,7.0,1289.22,9024.54,5865.95
ORD-00971,2023-09-28,East,External SSD,CUST-0098,13.0,113.27,1472.51,736.25
ORD-00972,2024-11-04,West,Keyboard,CUST-0072,16.0,73.61,1177.76,471.1
ORD-00973,2023-06-17,North,Standing Desk,CUST-0034,19.0,588.56,11182.64,6150.45
ORD-00974,2024-12-27,North,Standing Desk,CUST-0046,23.0,597.34,13738.82,7556.35
ORD-00975,2023-04-06,South,Monitor,CUST-0045,7.0,499.7,3497.9,1923.85
ORD-00976,2024-11-10,Central,Headphones,CUST-0073,,137.06,2330.02,1048.51
ORD-00977,2023-03-20,Central,Keyboard,CUST-0054,7.0,91.84,642.88,257.15
ORD-00978,2024-11-27,North,Headphones,CUST-0088,5.0,145.24,726.2,326.79
ORD-00979,2023-03-25,East,Keyboard,CUST-0004,12.0,93.43,1121.16,448.46
ORD-00980,2023-01-06,East,External SSD,CUST-0085,8.0,136.91,1095.28,547.64
ORD-00981,2023-08-05,East,External SSD,CUST-0017,1.0,130.86,130.86,65.43
ORD-00982,2024-01-26,North,USB Hub,CUST-0078,3.0,33.94,101.82,30.55
ORD-00983,2023-08-02,West,Monitor,CUST-0003,6.0,434.95,2609.7,1435.34
ORD-00984,2024-05-17,South,Monitor,CUST-0039,14.0,481.85,6745.9,3710.25
ORD-00985,2024-11-12,Central,Keyboard,CUST-0046,3.0,93.47,280.41,112.16
ORD-00986,2024-07-30,West,Standing Desk,CUST-0035,22.0,586.15,12895.3,7092.41
ORD-00987,2024-10-07,Central,Keyboard,CUST-0056,12.0,74.62,895.44,358.18
ORD-00988,2024-06-23,South,Keyboard,CUST-0064,17.0,74.39,1264.63,505.85
ORD-00989,2023-05-11,West,Headphones,CUST-0020,11.0,165.37,1819.07,818.58
ORD-00990,2023-02-16,North,USB Hub,CUST-0010,22.0,30.88,679.36,203.81
ORD-00991,2023-09-18,Central,Headphones,CUST-0046,17.0,131.18,2230.06,1003.53
ORD-00992,2024-02-07,West,Keyboard,CUST-0024,2.0,74.37,148.74,59.5
ORD-00993,2024-11-17,Central,Standing Desk,CUST-0097,13.0,622.29,8089.77,4449.37
ORD-00994,2023-03-22,South,Mouse,CUST-0024,20.0,41.75,835.0,292.25
ORD-00995,2023-04-30,North,Laptop,CUST-0051,1.0,1081.82,1081.82,703.18
ORD-00996,2024-09-25,Central,Standing Desk,CUST-0039,18.0,574.93,10348.74,5691.81
ORD-00997,2023-05-09,West,Headphones,CUST-0012,5.0,128.12,640.6,288.27
ORD-00998,2024-05-07,South,Laptop,CUST-0027,5.0,1253.91,6269.55,4075.21
ORD-00999,2023-11-05,Central,Mouse,CUST-0012,13.0,40.25,523.25,183.14
ORD-01000,2024-04-27,South,Standing Desk,CUST-0063,1.0,664.76,664.76,365.62
